"scenario_id","user_id","roleplay_profile","input","motion_preference","scenario","state_path","user_need","current_risk","baseline_gate","iteration_1_gate","target_behavior","reduced_motion_behavior","interrupt_probe","acceptance_gate","target_gate"
"S001","U001","First-day evaluator; top-level navigator; unfamiliar labels and no learned spatial map","mouse","standard","Dashboard to Work pane — unfamiliar labels and no learned spatial map","root.dashboard.ready -> selectPane(work) -> root.work.list.ready","clear cause-and-effect without surprise; top-level navigator","The 140 ms pane fade and 70 ms press flash can feel like one abrupt replacement; selection and content must stay synchronized.","PASS","PASS","Acknowledge the tab immediately; keep the top bar fixed; move the selection capsule with the existing 220 ms zero-bounce spring and crossfade peer-pane content in 180 ms ease-out.","Keep a 120 ms opacity dissolve and the static selected appearance; remove matched-geometry travel.","Activate Usage before Work settles; the latest pane wins immediately with no animation queue.","Top bar never moves; exactly one pane is interactive; final selected tab and visible pane agree; completion is at most 220 ms. Persona-specific gate: clear cause-and-effect without surprise.","PASS"
"S002","U002","Everyday developer; top-level navigator; repeats the workflow many times per day","trackpad","standard","Dashboard to Work pane — repeats the workflow many times per day","root.dashboard.ready -> selectPane(work) -> root.work.list.ready","speed with no decorative delay; top-level navigator","The 140 ms pane fade and 70 ms press flash can feel like one abrupt replacement; selection and content must stay synchronized.","PASS","PASS","Acknowledge the tab immediately; keep the top bar fixed; move the selection capsule with the existing 220 ms zero-bounce spring and crossfade peer-pane content in 180 ms ease-out.","Keep a 120 ms opacity dissolve and the static selected appearance; remove matched-geometry travel.","Activate Usage before Work settles; the latest pane wins immediately with no animation queue.","Top bar never moves; exactly one pane is interactive; final selected tab and visible pane agree; completion is at most 220 ms. Persona-specific gate: speed with no decorative delay.","PASS"
"S003","U003","Keyboard-first expert; top-level navigator; tabs and activates without hovering","keyboard","standard","Dashboard to Work pane — tabs and activates without hovering","root.dashboard.ready -> selectPane(work) -> root.work.list.ready","focus and selection feedback independent of pointer hover; top-level navigator","The 140 ms pane fade and 70 ms press flash can feel like one abrupt replacement; selection and content must stay synchronized.","PASS","PASS","Acknowledge the tab immediately; keep the top bar fixed; move the selection capsule with the existing 220 ms zero-bounce spring and crossfade peer-pane content in 180 ms ease-out.","Keep a 120 ms opacity dissolve and the static selected appearance; remove matched-geometry travel.","Activate Usage before Work settles; the latest pane wins immediately with no animation queue.","Top bar never moves; exactly one pane is interactive; final selected tab and visible pane agree; completion is at most 220 ms. Persona-specific gate: focus and selection feedback independent of pointer hover.","PASS"
"S004","U004","Trackpad power user; top-level navigator; moves quickly between dense targets","trackpad","standard","Dashboard to Work pane — moves quickly between dense targets","root.dashboard.ready -> selectPane(work) -> root.work.list.ready","immediate, interruptible response; top-level navigator","The 140 ms pane fade and 70 ms press flash can feel like one abrupt replacement; selection and content must stay synchronized.","PASS","PASS","Acknowledge the tab immediately; keep the top bar fixed; move the selection capsule with the existing 220 ms zero-bounce spring and crossfade peer-pane content in 180 ms ease-out.","Keep a 120 ms opacity dissolve and the static selected appearance; remove matched-geometry travel.","Activate Usage before Work settles; the latest pane wins immediately with no animation queue.","Top bar never moves; exactly one pane is interactive; final selected tab and visible pane agree; completion is at most 220 ms. Persona-specific gate: immediate, interruptible response.","PASS"
"S005","U005","Precision-mouse user; top-level navigator; expects desktop-native restraint","mouse","standard","Dashboard to Work pane — expects desktop-native restraint","root.dashboard.ready -> selectPane(work) -> root.work.list.ready","subtle highlight feedback rather than touch-like theatrics; top-level navigator","The 140 ms pane fade and 70 ms press flash can feel like one abrupt replacement; selection and content must stay synchronized.","PASS","PASS","Acknowledge the tab immediately; keep the top bar fixed; move the selection capsule with the existing 220 ms zero-bounce spring and crossfade peer-pane content in 180 ms ease-out.","Keep a 120 ms opacity dissolve and the static selected appearance; remove matched-geometry travel.","Activate Usage before Work settles; the latest pane wins immediately with no animation queue.","Top bar never moves; exactly one pane is interactive; final selected tab and visible pane agree; completion is at most 220 ms. Persona-specific gate: subtle highlight feedback rather than touch-like theatrics.","PASS"
"S006","U006","Motion-sensitive user; top-level navigator; macOS Reduce Motion enabled","mouse","reduce","Dashboard to Work pane — macOS Reduce Motion enabled","root.dashboard.ready -> selectPane(work) -> root.work.list.ready","no spatial travel, bounce, scaling, or auto-scroll; keep semantic fades; top-level navigator","The 140 ms pane fade and 70 ms press flash can feel like one abrupt replacement; selection and content must stay synchronized.","RISK","PASS","Acknowledge the tab immediately; keep the top bar fixed; move the selection capsule with the existing 220 ms zero-bounce spring and crossfade peer-pane content in 180 ms ease-out.","Keep a 120 ms opacity dissolve and the static selected appearance; remove matched-geometry travel.","Activate Usage before Work settles; the latest pane wins immediately with no animation queue.","Top bar never moves; exactly one pane is interactive; final selected tab and visible pane agree; completion is at most 220 ms. Persona-specific gate: no spatial travel, bounce, scaling, or auto-scroll; keep semantic fades.","PASS"
"S007","U007","VoiceOver reviewer; top-level navigator; navigates by accessible names and focus order","keyboard+VoiceOver","standard","Dashboard to Work pane — navigates by accessible names and focus order","root.dashboard.ready -> selectPane(work) -> root.work.list.ready","announced state and stable focus, not motion-only meaning; top-level navigator","The 140 ms pane fade and 70 ms press flash can feel like one abrupt replacement; selection and content must stay synchronized.","PASS","PASS","Acknowledge the tab immediately; keep the top bar fixed; move the selection capsule with the existing 220 ms zero-bounce spring and crossfade peer-pane content in 180 ms ease-out.","Keep a 120 ms opacity dissolve and the static selected appearance; remove matched-geometry travel.","Activate Usage before Work settles; the latest pane wins immediately with no animation queue.","Top bar never moves; exactly one pane is interactive; final selected tab and visible pane agree; completion is at most 220 ms. Persona-specific gate: announced state and stable focus, not motion-only meaning.","PASS"
"S008","U008","High-contrast user; top-level navigator; Increase Contrast and Differentiate Without Color","mouse","standard","Dashboard to Work pane — Increase Contrast and Differentiate Without Color","root.dashboard.ready -> selectPane(work) -> root.work.list.ready","shape, text, or focus state in addition to color; top-level navigator","The 140 ms pane fade and 70 ms press flash can feel like one abrupt replacement; selection and content must stay synchronized.","PASS","PASS","Acknowledge the tab immediately; keep the top bar fixed; move the selection capsule with the existing 220 ms zero-bounce spring and crossfade peer-pane content in 180 ms ease-out.","Keep a 120 ms opacity dissolve and the static selected appearance; remove matched-geometry travel.","Activate Usage before Work settles; the latest pane wins immediately with no animation queue.","Top bar never moves; exactly one pane is interactive; final selected tab and visible pane agree; completion is at most 220 ms. Persona-specific gate: shape, text, or focus state in addition to color.","PASS"
"S009","U009","Low-vision reviewer; top-level navigator; large text and display zoom","mouse","standard","Dashboard to Work pane — large text and display zoom","root.dashboard.ready -> selectPane(work) -> root.work.list.ready","stable geometry and no clipped transition endpoints; top-level navigator","The 140 ms pane fade and 70 ms press flash can feel like one abrupt replacement; selection and content must stay synchronized.","RISK","PASS","Acknowledge the tab immediately; keep the top bar fixed; move the selection capsule with the existing 220 ms zero-bounce spring and crossfade peer-pane content in 180 ms ease-out.","Keep a 120 ms opacity dissolve and the static selected appearance; remove matched-geometry travel.","Activate Usage before Work settles; the latest pane wins immediately with no animation queue.","Top bar never moves; exactly one pane is interactive; final selected tab and visible pane agree; completion is at most 220 ms. Persona-specific gate: stable geometry and no clipped transition endpoints.","PASS"
"S010","U010","Limited-dexterity user; top-level navigator; slow pointer and occasional repeated activation","mouse","standard","Dashboard to Work pane — slow pointer and occasional repeated activation","root.dashboard.ready -> selectPane(work) -> root.work.list.ready","comfortable hit targets and forgiving repeat input; top-level navigator","The 140 ms pane fade and 70 ms press flash can feel like one abrupt replacement; selection and content must stay synchronized.","PASS","PASS","Acknowledge the tab immediately; keep the top bar fixed; move the selection capsule with the existing 220 ms zero-bounce spring and crossfade peer-pane content in 180 ms ease-out.","Keep a 120 ms opacity dissolve and the static selected appearance; remove matched-geometry travel.","Activate Usage before Work settles; the latest pane wins immediately with no animation queue.","Top bar never moves; exactly one pane is interactive; final selected tab and visible pane agree; completion is at most 220 ms. Persona-specific gate: comfortable hit targets and forgiving repeat input.","PASS"
"S011","U011","Rapid-switching expert; top-level navigator; issues a second action before the first animation settles","keyboard+mouse","standard","Dashboard to Work pane — issues a second action before the first animation settles","root.dashboard.ready -> selectPane(work) -> root.work.list.ready","retargeting with no queued or stale destination; top-level navigator","The 140 ms pane fade and 70 ms press flash can feel like one abrupt replacement; selection and content must stay synchronized.","RISK","PASS","Acknowledge the tab immediately; keep the top bar fixed; move the selection capsule with the existing 220 ms zero-bounce spring and crossfade peer-pane content in 180 ms ease-out.","Keep a 120 ms opacity dissolve and the static selected appearance; remove matched-geometry travel.","Activate Usage before Work settles; the latest pane wins immediately with no animation queue.","Top bar never moves; exactly one pane is interactive; final selected tab and visible pane agree; completion is at most 220 ms. Persona-specific gate: retargeting with no queued or stale destination.","PASS"
"S012","U012","Constrained-Mac user; top-level navigator; fetch and rendering take about 800 ms","trackpad","standard","Dashboard to Work pane — fetch and rendering take about 800 ms","root.dashboard.ready -> selectPane(work) -> root.work.list.ready","stable placeholders and no flicker or frozen-looking blank area; top-level navigator","The 140 ms pane fade and 70 ms press flash can feel like one abrupt replacement; selection and content must stay synchronized.","PASS","PASS","Acknowledge the tab immediately; keep the top bar fixed; move the selection capsule with the existing 220 ms zero-bounce spring and crossfade peer-pane content in 180 ms ease-out.","Keep a 120 ms opacity dissolve and the static selected appearance; remove matched-geometry travel.","Activate Usage before Work settles; the latest pane wins immediately with no animation queue.","Top bar never moves; exactly one pane is interactive; final selected tab and visible pane agree; completion is at most 220 ms. Persona-specific gate: stable placeholders and no flicker or frozen-looking blank area.","PASS"
"S013","U013","Offline investigator; top-level navigator; refresh and receipt fetch can fail","mouse","standard","Dashboard to Work pane — refresh and receipt fetch can fail","root.dashboard.ready -> selectPane(work) -> root.work.list.ready","nearby actionable error feedback that preserves context; top-level navigator","The 140 ms pane fade and 70 ms press flash can feel like one abrupt replacement; selection and content must stay synchronized.","PASS","PASS","Acknowledge the tab immediately; keep the top bar fixed; move the selection capsule with the existing 220 ms zero-bounce spring and crossfade peer-pane content in 180 ms ease-out.","Keep a 120 ms opacity dissolve and the static selected appearance; remove matched-geometry travel.","Activate Usage before Work settles; the latest pane wins immediately with no animation queue.","Top bar never moves; exactly one pane is interactive; final selected tab and visible pane agree; completion is at most 220 ms. Persona-specific gate: nearby actionable error feedback that preserves context.","PASS"
"S014","U014","Dense-store analyst; top-level navigator; 200 loaded receipts and long evidence payloads","mouse","standard","Dashboard to Work pane — 200 loaded receipts and long evidence payloads","root.dashboard.ready -> selectPane(work) -> root.work.list.ready","bounded work and no large animated reflow; top-level navigator","The 140 ms pane fade and 70 ms press flash can feel like one abrupt replacement; selection and content must stay synchronized.","PASS","PASS","Acknowledge the tab immediately; keep the top bar fixed; move the selection capsule with the existing 220 ms zero-bounce spring and crossfade peer-pane content in 180 ms ease-out.","Keep a 120 ms opacity dissolve and the static selected appearance; remove matched-geometry travel.","Activate Usage before Work settles; the latest pane wins immediately with no animation queue.","Top bar never moves; exactly one pane is interactive; final selected tab and visible pane agree; completion is at most 220 ms. Persona-specific gate: bounded work and no large animated reflow.","PASS"
"S015","U015","Empty-store newcomer; top-level navigator; no receipts or usage history yet","mouse","standard","Dashboard to Work pane — no receipts or usage history yet","root.dashboard.ready -> selectPane(work) -> root.work.list.ready","empty-state continuity without fake skeleton loops; top-level navigator","The 140 ms pane fade and 70 ms press flash can feel like one abrupt replacement; selection and content must stay synchronized.","PASS","PASS","Acknowledge the tab immediately; keep the top bar fixed; move the selection capsule with the existing 220 ms zero-bounce spring and crossfade peer-pane content in 180 ms ease-out.","Keep a 120 ms opacity dissolve and the static selected appearance; remove matched-geometry travel.","Activate Usage before Work settles; the latest pane wins immediately with no animation queue.","Top bar never moves; exactly one pane is interactive; final selected tab and visible pane agree; completion is at most 220 ms. Persona-specific gate: empty-state continuity without fake skeleton loops.","PASS"
"S016","U016","Dark-mode night user; top-level navigator; dark appearance and low ambient light","trackpad","standard","Dashboard to Work pane — dark appearance and low ambient light","root.dashboard.ready -> selectPane(work) -> root.work.list.ready","no brightness flash or double-exposed crossfade; top-level navigator","The 140 ms pane fade and 70 ms press flash can feel like one abrupt replacement; selection and content must stay synchronized.","PASS","PASS","Acknowledge the tab immediately; keep the top bar fixed; move the selection capsule with the existing 220 ms zero-bounce spring and crossfade peer-pane content in 180 ms ease-out.","Keep a 120 ms opacity dissolve and the static selected appearance; remove matched-geometry travel.","Activate Usage before Work settles; the latest pane wins immediately with no animation queue.","Top bar never moves; exactly one pane is interactive; final selected tab and visible pane agree; completion is at most 220 ms. Persona-specific gate: no brightness flash or double-exposed crossfade.","PASS"
"S017","U017","Minimum-window user; top-level navigator; 960 by 560 window","mouse","standard","Dashboard to Work pane — 960 by 560 window","root.dashboard.ready -> selectPane(work) -> root.work.list.ready","transitions that do not clip or shift the page header; top-level navigator","The 140 ms pane fade and 70 ms press flash can feel like one abrupt replacement; selection and content must stay synchronized.","PASS","PASS","Acknowledge the tab immediately; keep the top bar fixed; move the selection capsule with the existing 220 ms zero-bounce spring and crossfade peer-pane content in 180 ms ease-out.","Keep a 120 ms opacity dissolve and the static selected appearance; remove matched-geometry travel.","Activate Usage before Work settles; the latest pane wins immediately with no animation queue.","Top bar never moves; exactly one pane is interactive; final selected tab and visible pane agree; completion is at most 220 ms. Persona-specific gate: transitions that do not clip or shift the page header.","PASS"
"S018","U018","Ultrawide-window user; top-level navigator; wide 5K display","mouse","standard","Dashboard to Work pane — wide 5K display","root.dashboard.ready -> selectPane(work) -> root.work.list.ready","motion localized to the affected region rather than the whole canvas; top-level navigator","The 140 ms pane fade and 70 ms press flash can feel like one abrupt replacement; selection and content must stay synchronized.","PASS","PASS","Acknowledge the tab immediately; keep the top bar fixed; move the selection capsule with the existing 220 ms zero-bounce spring and crossfade peer-pane content in 180 ms ease-out.","Keep a 120 ms opacity dissolve and the static selected appearance; remove matched-geometry travel.","Activate Usage before Work settles; the latest pane wins immediately with no animation queue.","Top bar never moves; exactly one pane is interactive; final selected tab and visible pane agree; completion is at most 220 ms. Persona-specific gate: motion localized to the affected region rather than the whole canvas.","PASS"
"S019","U019","Careful non-native-English reader; top-level navigator; reads labels and status slowly","mouse","standard","Dashboard to Work pane — reads labels and status slowly","root.dashboard.ready -> selectPane(work) -> root.work.list.ready","specific persistent wording and no timed dismissal; top-level navigator","The 140 ms pane fade and 70 ms press flash can feel like one abrupt replacement; selection and content must stay synchronized.","PASS","PASS","Acknowledge the tab immediately; keep the top bar fixed; move the selection capsule with the existing 220 ms zero-bounce spring and crossfade peer-pane content in 180 ms ease-out.","Keep a 120 ms opacity dissolve and the static selected appearance; remove matched-geometry travel.","Activate Usage before Work settles; the latest pane wins immediately with no animation queue.","Top bar never moves; exactly one pane is interactive; final selected tab and visible pane agree; completion is at most 220 ms. Persona-specific gate: specific persistent wording and no timed dismissal.","PASS"
"S020","U020","Anxious failed-check reviewer; top-level navigator; investigates blocked work and failed evidence","mouse","standard","Dashboard to Work pane — investigates blocked work and failed evidence","root.dashboard.ready -> selectPane(work) -> root.work.list.ready","calm, predictable transitions with errors never softened or hidden; top-level navigator","The 140 ms pane fade and 70 ms press flash can feel like one abrupt replacement; selection and content must stay synchronized.","PASS","PASS","Acknowledge the tab immediately; keep the top bar fixed; move the selection capsule with the existing 220 ms zero-bounce spring and crossfade peer-pane content in 180 ms ease-out.","Keep a 120 ms opacity dissolve and the static selected appearance; remove matched-geometry travel.","Activate Usage before Work settles; the latest pane wins immediately with no animation queue.","Top bar never moves; exactly one pane is interactive; final selected tab and visible pane agree; completion is at most 220 ms. Persona-specific gate: calm, predictable transitions with errors never softened or hidden.","PASS"
"S021","U021","First-day evaluator; receipt opener; unfamiliar labels and no learned spatial map","mouse","standard","Work table row to receipt detail — unfamiliar labels and no learned spatial map","work.list.ready -> selectTask -> work.detail.loading -> work.detail.ready","clear cause-and-effect without surprise; receipt opener","WorkPane replaces the complete table with the split record layout without a same-pane transition, so hierarchy teleports.","FAIL","PASS","Commit selection immediately; transition list to split detail with a 200 ms ease-out opacity plus at most 12 pt directional offset; end with the same task persistently selected in the rail.","Use a 120 ms opacity dissolve only; no offset.","Activate Back or a second row during entry; cancel the obsolete fetch and retarget from the visible state.","No intermediate wrong record; rail selection and detail title match; Back remains available; transition is reversible and never blocks input. Persona-specific gate: clear cause-and-effect without surprise.","PASS"
"S022","U022","Everyday developer; receipt opener; repeats the workflow many times per day","trackpad","standard","Work table row to receipt detail — repeats the workflow many times per day","work.list.ready -> selectTask -> work.detail.loading -> work.detail.ready","speed with no decorative delay; receipt opener","WorkPane replaces the complete table with the split record layout without a same-pane transition, so hierarchy teleports.","FAIL","PASS","Commit selection immediately; transition list to split detail with a 200 ms ease-out opacity plus at most 12 pt directional offset; end with the same task persistently selected in the rail.","Use a 120 ms opacity dissolve only; no offset.","Activate Back or a second row during entry; cancel the obsolete fetch and retarget from the visible state.","No intermediate wrong record; rail selection and detail title match; Back remains available; transition is reversible and never blocks input. Persona-specific gate: speed with no decorative delay.","PASS"
"S023","U023","Keyboard-first expert; receipt opener; tabs and activates without hovering","keyboard","standard","Work table row to receipt detail — tabs and activates without hovering","work.list.ready -> selectTask -> work.detail.loading -> work.detail.ready","focus and selection feedback independent of pointer hover; receipt opener","WorkPane replaces the complete table with the split record layout without a same-pane transition, so hierarchy teleports.","FAIL","PASS","Commit selection immediately; transition list to split detail with a 200 ms ease-out opacity plus at most 12 pt directional offset; end with the same task persistently selected in the rail.","Use a 120 ms opacity dissolve only; no offset.","Activate Back or a second row during entry; cancel the obsolete fetch and retarget from the visible state.","No intermediate wrong record; rail selection and detail title match; Back remains available; transition is reversible and never blocks input. Persona-specific gate: focus and selection feedback independent of pointer hover.","PASS"
"S024","U024","Trackpad power user; receipt opener; moves quickly between dense targets","trackpad","standard","Work table row to receipt detail — moves quickly between dense targets","work.list.ready -> selectTask -> work.detail.loading -> work.detail.ready","immediate, interruptible response; receipt opener","WorkPane replaces the complete table with the split record layout without a same-pane transition, so hierarchy teleports.","FAIL","PASS","Commit selection immediately; transition list to split detail with a 200 ms ease-out opacity plus at most 12 pt directional offset; end with the same task persistently selected in the rail.","Use a 120 ms opacity dissolve only; no offset.","Activate Back or a second row during entry; cancel the obsolete fetch and retarget from the visible state.","No intermediate wrong record; rail selection and detail title match; Back remains available; transition is reversible and never blocks input. Persona-specific gate: immediate, interruptible response.","PASS"
"S025","U025","Precision-mouse user; receipt opener; expects desktop-native restraint","mouse","standard","Work table row to receipt detail — expects desktop-native restraint","work.list.ready -> selectTask -> work.detail.loading -> work.detail.ready","subtle highlight feedback rather than touch-like theatrics; receipt opener","WorkPane replaces the complete table with the split record layout without a same-pane transition, so hierarchy teleports.","FAIL","PASS","Commit selection immediately; transition list to split detail with a 200 ms ease-out opacity plus at most 12 pt directional offset; end with the same task persistently selected in the rail.","Use a 120 ms opacity dissolve only; no offset.","Activate Back or a second row during entry; cancel the obsolete fetch and retarget from the visible state.","No intermediate wrong record; rail selection and detail title match; Back remains available; transition is reversible and never blocks input. Persona-specific gate: subtle highlight feedback rather than touch-like theatrics.","PASS"
"S026","U026","Motion-sensitive user; receipt opener; macOS Reduce Motion enabled","mouse","reduce","Work table row to receipt detail — macOS Reduce Motion enabled","work.list.ready -> selectTask -> work.detail.loading -> work.detail.ready","no spatial travel, bounce, scaling, or auto-scroll; keep semantic fades; receipt opener","WorkPane replaces the complete table with the split record layout without a same-pane transition, so hierarchy teleports.","FAIL","PASS","Commit selection immediately; transition list to split detail with a 200 ms ease-out opacity plus at most 12 pt directional offset; end with the same task persistently selected in the rail.","Use a 120 ms opacity dissolve only; no offset.","Activate Back or a second row during entry; cancel the obsolete fetch and retarget from the visible state.","No intermediate wrong record; rail selection and detail title match; Back remains available; transition is reversible and never blocks input. Persona-specific gate: no spatial travel, bounce, scaling, or auto-scroll; keep semantic fades.","PASS"
"S027","U027","VoiceOver reviewer; receipt opener; navigates by accessible names and focus order","keyboard+VoiceOver","standard","Work table row to receipt detail — navigates by accessible names and focus order","work.list.ready -> selectTask -> work.detail.loading -> work.detail.ready","announced state and stable focus, not motion-only meaning; receipt opener","WorkPane replaces the complete table with the split record layout without a same-pane transition, so hierarchy teleports.","FAIL","PASS","Commit selection immediately; transition list to split detail with a 200 ms ease-out opacity plus at most 12 pt directional offset; end with the same task persistently selected in the rail.","Use a 120 ms opacity dissolve only; no offset.","Activate Back or a second row during entry; cancel the obsolete fetch and retarget from the visible state.","No intermediate wrong record; rail selection and detail title match; Back remains available; transition is reversible and never blocks input. Persona-specific gate: announced state and stable focus, not motion-only meaning.","PASS"
"S028","U028","High-contrast user; receipt opener; Increase Contrast and Differentiate Without Color","mouse","standard","Work table row to receipt detail — Increase Contrast and Differentiate Without Color","work.list.ready -> selectTask -> work.detail.loading -> work.detail.ready","shape, text, or focus state in addition to color; receipt opener","WorkPane replaces the complete table with the split record layout without a same-pane transition, so hierarchy teleports.","FAIL","PASS","Commit selection immediately; transition list to split detail with a 200 ms ease-out opacity plus at most 12 pt directional offset; end with the same task persistently selected in the rail.","Use a 120 ms opacity dissolve only; no offset.","Activate Back or a second row during entry; cancel the obsolete fetch and retarget from the visible state.","No intermediate wrong record; rail selection and detail title match; Back remains available; transition is reversible and never blocks input. Persona-specific gate: shape, text, or focus state in addition to color.","PASS"
"S029","U029","Low-vision reviewer; receipt opener; large text and display zoom","mouse","standard","Work table row to receipt detail — large text and display zoom","work.list.ready -> selectTask -> work.detail.loading -> work.detail.ready","stable geometry and no clipped transition endpoints; receipt opener","WorkPane replaces the complete table with the split record layout without a same-pane transition, so hierarchy teleports.","FAIL","PASS","Commit selection immediately; transition list to split detail with a 200 ms ease-out opacity plus at most 12 pt directional offset; end with the same task persistently selected in the rail.","Use a 120 ms opacity dissolve only; no offset.","Activate Back or a second row during entry; cancel the obsolete fetch and retarget from the visible state.","No intermediate wrong record; rail selection and detail title match; Back remains available; transition is reversible and never blocks input. Persona-specific gate: stable geometry and no clipped transition endpoints.","PASS"
"S030","U030","Limited-dexterity user; receipt opener; slow pointer and occasional repeated activation","mouse","standard","Work table row to receipt detail — slow pointer and occasional repeated activation","work.list.ready -> selectTask -> work.detail.loading -> work.detail.ready","comfortable hit targets and forgiving repeat input; receipt opener","WorkPane replaces the complete table with the split record layout without a same-pane transition, so hierarchy teleports.","FAIL","PASS","Commit selection immediately; transition list to split detail with a 200 ms ease-out opacity plus at most 12 pt directional offset; end with the same task persistently selected in the rail.","Use a 120 ms opacity dissolve only; no offset.","Activate Back or a second row during entry; cancel the obsolete fetch and retarget from the visible state.","No intermediate wrong record; rail selection and detail title match; Back remains available; transition is reversible and never blocks input. Persona-specific gate: comfortable hit targets and forgiving repeat input.","PASS"
"S031","U031","Rapid-switching expert; receipt opener; issues a second action before the first animation settles","keyboard+mouse","standard","Work table row to receipt detail — issues a second action before the first animation settles","work.list.ready -> selectTask -> work.detail.loading -> work.detail.ready","retargeting with no queued or stale destination; receipt opener","WorkPane replaces the complete table with the split record layout without a same-pane transition, so hierarchy teleports.","FAIL","PASS","Commit selection immediately; transition list to split detail with a 200 ms ease-out opacity plus at most 12 pt directional offset; end with the same task persistently selected in the rail.","Use a 120 ms opacity dissolve only; no offset.","Activate Back or a second row during entry; cancel the obsolete fetch and retarget from the visible state.","No intermediate wrong record; rail selection and detail title match; Back remains available; transition is reversible and never blocks input. Persona-specific gate: retargeting with no queued or stale destination.","PASS"
"S032","U032","Constrained-Mac user; receipt opener; fetch and rendering take about 800 ms","trackpad","standard","Work table row to receipt detail — fetch and rendering take about 800 ms","work.list.ready -> selectTask -> work.detail.loading -> work.detail.ready","stable placeholders and no flicker or frozen-looking blank area; receipt opener","WorkPane replaces the complete table with the split record layout without a same-pane transition, so hierarchy teleports.","FAIL","PASS","Commit selection immediately; transition list to split detail with a 200 ms ease-out opacity plus at most 12 pt directional offset; end with the same task persistently selected in the rail.","Use a 120 ms opacity dissolve only; no offset.","Activate Back or a second row during entry; cancel the obsolete fetch and retarget from the visible state.","No intermediate wrong record; rail selection and detail title match; Back remains available; transition is reversible and never blocks input. Persona-specific gate: stable placeholders and no flicker or frozen-looking blank area.","PASS"
"S033","U033","Offline investigator; receipt opener; refresh and receipt fetch can fail","mouse","standard","Work table row to receipt detail — refresh and receipt fetch can fail","work.list.ready -> selectTask -> work.detail.loading -> work.detail.ready","nearby actionable error feedback that preserves context; receipt opener","WorkPane replaces the complete table with the split record layout without a same-pane transition, so hierarchy teleports.","FAIL","PASS","Commit selection immediately; transition list to split detail with a 200 ms ease-out opacity plus at most 12 pt directional offset; end with the same task persistently selected in the rail.","Use a 120 ms opacity dissolve only; no offset.","Activate Back or a second row during entry; cancel the obsolete fetch and retarget from the visible state.","No intermediate wrong record; rail selection and detail title match; Back remains available; transition is reversible and never blocks input. Persona-specific gate: nearby actionable error feedback that preserves context.","PASS"
"S034","U034","Dense-store analyst; receipt opener; 200 loaded receipts and long evidence payloads","mouse","standard","Work table row to receipt detail — 200 loaded receipts and long evidence payloads","work.list.ready -> selectTask -> work.detail.loading -> work.detail.ready","bounded work and no large animated reflow; receipt opener","WorkPane replaces the complete table with the split record layout without a same-pane transition, so hierarchy teleports.","FAIL","PASS","Commit selection immediately; transition list to split detail with a 200 ms ease-out opacity plus at most 12 pt directional offset; end with the same task persistently selected in the rail.","Use a 120 ms opacity dissolve only; no offset.","Activate Back or a second row during entry; cancel the obsolete fetch and retarget from the visible state.","No intermediate wrong record; rail selection and detail title match; Back remains available; transition is reversible and never blocks input. Persona-specific gate: bounded work and no large animated reflow.","PASS"
"S035","U035","Empty-store newcomer; receipt opener; no receipts or usage history yet","mouse","standard","Work table row to receipt detail — no receipts or usage history yet","work.list.ready -> selectTask -> work.detail.loading -> work.detail.ready","empty-state continuity without fake skeleton loops; receipt opener","WorkPane replaces the complete table with the split record layout without a same-pane transition, so hierarchy teleports.","FAIL","PASS","Commit selection immediately; transition list to split detail with a 200 ms ease-out opacity plus at most 12 pt directional offset; end with the same task persistently selected in the rail.","Use a 120 ms opacity dissolve only; no offset.","Activate Back or a second row during entry; cancel the obsolete fetch and retarget from the visible state.","No intermediate wrong record; rail selection and detail title match; Back remains available; transition is reversible and never blocks input. Persona-specific gate: empty-state continuity without fake skeleton loops.","PASS"
"S036","U036","Dark-mode night user; receipt opener; dark appearance and low ambient light","trackpad","standard","Work table row to receipt detail — dark appearance and low ambient light","work.list.ready -> selectTask -> work.detail.loading -> work.detail.ready","no brightness flash or double-exposed crossfade; receipt opener","WorkPane replaces the complete table with the split record layout without a same-pane transition, so hierarchy teleports.","FAIL","PASS","Commit selection immediately; transition list to split detail with a 200 ms ease-out opacity plus at most 12 pt directional offset; end with the same task persistently selected in the rail.","Use a 120 ms opacity dissolve only; no offset.","Activate Back or a second row during entry; cancel the obsolete fetch and retarget from the visible state.","No intermediate wrong record; rail selection and detail title match; Back remains available; transition is reversible and never blocks input. Persona-specific gate: no brightness flash or double-exposed crossfade.","PASS"
"S037","U037","Minimum-window user; receipt opener; 960 by 560 window","mouse","standard","Work table row to receipt detail — 960 by 560 window","work.list.ready -> selectTask -> work.detail.loading -> work.detail.ready","transitions that do not clip or shift the page header; receipt opener","WorkPane replaces the complete table with the split record layout without a same-pane transition, so hierarchy teleports.","FAIL","PASS","Commit selection immediately; transition list to split detail with a 200 ms ease-out opacity plus at most 12 pt directional offset; end with the same task persistently selected in the rail.","Use a 120 ms opacity dissolve only; no offset.","Activate Back or a second row during entry; cancel the obsolete fetch and retarget from the visible state.","No intermediate wrong record; rail selection and detail title match; Back remains available; transition is reversible and never blocks input. Persona-specific gate: transitions that do not clip or shift the page header.","PASS"
"S038","U038","Ultrawide-window user; receipt opener; wide 5K display","mouse","standard","Work table row to receipt detail — wide 5K display","work.list.ready -> selectTask -> work.detail.loading -> work.detail.ready","motion localized to the affected region rather than the whole canvas; receipt opener","WorkPane replaces the complete table with the split record layout without a same-pane transition, so hierarchy teleports.","FAIL","PASS","Commit selection immediately; transition list to split detail with a 200 ms ease-out opacity plus at most 12 pt directional offset; end with the same task persistently selected in the rail.","Use a 120 ms opacity dissolve only; no offset.","Activate Back or a second row during entry; cancel the obsolete fetch and retarget from the visible state.","No intermediate wrong record; rail selection and detail title match; Back remains available; transition is reversible and never blocks input. Persona-specific gate: motion localized to the affected region rather than the whole canvas.","PASS"
"S039","U039","Careful non-native-English reader; receipt opener; reads labels and status slowly","mouse","standard","Work table row to receipt detail — reads labels and status slowly","work.list.ready -> selectTask -> work.detail.loading -> work.detail.ready","specific persistent wording and no timed dismissal; receipt opener","WorkPane replaces the complete table with the split record layout without a same-pane transition, so hierarchy teleports.","FAIL","PASS","Commit selection immediately; transition list to split detail with a 200 ms ease-out opacity plus at most 12 pt directional offset; end with the same task persistently selected in the rail.","Use a 120 ms opacity dissolve only; no offset.","Activate Back or a second row during entry; cancel the obsolete fetch and retarget from the visible state.","No intermediate wrong record; rail selection and detail title match; Back remains available; transition is reversible and never blocks input. Persona-specific gate: specific persistent wording and no timed dismissal.","PASS"
"S040","U040","Anxious failed-check reviewer; receipt opener; investigates blocked work and failed evidence","mouse","standard","Work table row to receipt detail — investigates blocked work and failed evidence","work.list.ready -> selectTask -> work.detail.loading -> work.detail.ready","calm, predictable transitions with errors never softened or hidden; receipt opener","WorkPane replaces the complete table with the split record layout without a same-pane transition, so hierarchy teleports.","FAIL","PASS","Commit selection immediately; transition list to split detail with a 200 ms ease-out opacity plus at most 12 pt directional offset; end with the same task persistently selected in the rail.","Use a 120 ms opacity dissolve only; no offset.","Activate Back or a second row during entry; cancel the obsolete fetch and retarget from the visible state.","No intermediate wrong record; rail selection and detail title match; Back remains available; transition is reversible and never blocks input. Persona-specific gate: calm, predictable transitions with errors never softened or hidden.","PASS"
"S041","U041","First-day evaluator; receipt comparer; unfamiliar labels and no learned spatial map","mouse","standard","Receipt rail A to receipt rail B — unfamiliar labels and no learned spatial map","work.detail.ready(A) -> selectRail(B) -> work.detail.loading(B) -> work.detail.ready(B)","clear cause-and-effect without surprise; receipt comparer","The rail remains but selection and detail swap instantly to a centered spinner, producing a blank flash and weak source-to-destination continuity.","FAIL","PASS","Keep the rail and record frame stable; move its selected marker with the zero-bounce selection token; show a summary-derived placeholder immediately and crossfade loaded/error detail in 160 ms ease-out.","Keep the rail selection static and crossfade placeholder to result in 120 ms; no geometry motion.","Select A, B, then C quickly; only C may publish and no stale receipt may flash.","Visible title, selected rail row, fetch key, and final receipt ID always agree; previous receipt content is never mislabeled as the new selection. Persona-specific gate: clear cause-and-effect without surprise.","PASS"
"S042","U042","Everyday developer; receipt comparer; repeats the workflow many times per day","trackpad","standard","Receipt rail A to receipt rail B — repeats the workflow many times per day","work.detail.ready(A) -> selectRail(B) -> work.detail.loading(B) -> work.detail.ready(B)","speed with no decorative delay; receipt comparer","The rail remains but selection and detail swap instantly to a centered spinner, producing a blank flash and weak source-to-destination continuity.","FAIL","PASS","Keep the rail and record frame stable; move its selected marker with the zero-bounce selection token; show a summary-derived placeholder immediately and crossfade loaded/error detail in 160 ms ease-out.","Keep the rail selection static and crossfade placeholder to result in 120 ms; no geometry motion.","Select A, B, then C quickly; only C may publish and no stale receipt may flash.","Visible title, selected rail row, fetch key, and final receipt ID always agree; previous receipt content is never mislabeled as the new selection. Persona-specific gate: speed with no decorative delay.","PASS"
"S043","U043","Keyboard-first expert; receipt comparer; tabs and activates without hovering","keyboard","standard","Receipt rail A to receipt rail B — tabs and activates without hovering","work.detail.ready(A) -> selectRail(B) -> work.detail.loading(B) -> work.detail.ready(B)","focus and selection feedback independent of pointer hover; receipt comparer","The rail remains but selection and detail swap instantly to a centered spinner, producing a blank flash and weak source-to-destination continuity.","FAIL","PASS","Keep the rail and record frame stable; move its selected marker with the zero-bounce selection token; show a summary-derived placeholder immediately and crossfade loaded/error detail in 160 ms ease-out.","Keep the rail selection static and crossfade placeholder to result in 120 ms; no geometry motion.","Select A, B, then C quickly; only C may publish and no stale receipt may flash.","Visible title, selected rail row, fetch key, and final receipt ID always agree; previous receipt content is never mislabeled as the new selection. Persona-specific gate: focus and selection feedback independent of pointer hover.","PASS"
"S044","U044","Trackpad power user; receipt comparer; moves quickly between dense targets","trackpad","standard","Receipt rail A to receipt rail B — moves quickly between dense targets","work.detail.ready(A) -> selectRail(B) -> work.detail.loading(B) -> work.detail.ready(B)","immediate, interruptible response; receipt comparer","The rail remains but selection and detail swap instantly to a centered spinner, producing a blank flash and weak source-to-destination continuity.","FAIL","PASS","Keep the rail and record frame stable; move its selected marker with the zero-bounce selection token; show a summary-derived placeholder immediately and crossfade loaded/error detail in 160 ms ease-out.","Keep the rail selection static and crossfade placeholder to result in 120 ms; no geometry motion.","Select A, B, then C quickly; only C may publish and no stale receipt may flash.","Visible title, selected rail row, fetch key, and final receipt ID always agree; previous receipt content is never mislabeled as the new selection. Persona-specific gate: immediate, interruptible response.","PASS"
"S045","U045","Precision-mouse user; receipt comparer; expects desktop-native restraint","mouse","standard","Receipt rail A to receipt rail B — expects desktop-native restraint","work.detail.ready(A) -> selectRail(B) -> work.detail.loading(B) -> work.detail.ready(B)","subtle highlight feedback rather than touch-like theatrics; receipt comparer","The rail remains but selection and detail swap instantly to a centered spinner, producing a blank flash and weak source-to-destination continuity.","FAIL","PASS","Keep the rail and record frame stable; move its selected marker with the zero-bounce selection token; show a summary-derived placeholder immediately and crossfade loaded/error detail in 160 ms ease-out.","Keep the rail selection static and crossfade placeholder to result in 120 ms; no geometry motion.","Select A, B, then C quickly; only C may publish and no stale receipt may flash.","Visible title, selected rail row, fetch key, and final receipt ID always agree; previous receipt content is never mislabeled as the new selection. Persona-specific gate: subtle highlight feedback rather than touch-like theatrics.","PASS"
"S046","U046","Motion-sensitive user; receipt comparer; macOS Reduce Motion enabled","mouse","reduce","Receipt rail A to receipt rail B — macOS Reduce Motion enabled","work.detail.ready(A) -> selectRail(B) -> work.detail.loading(B) -> work.detail.ready(B)","no spatial travel, bounce, scaling, or auto-scroll; keep semantic fades; receipt comparer","The rail remains but selection and detail swap instantly to a centered spinner, producing a blank flash and weak source-to-destination continuity.","FAIL","PASS","Keep the rail and record frame stable; move its selected marker with the zero-bounce selection token; show a summary-derived placeholder immediately and crossfade loaded/error detail in 160 ms ease-out.","Keep the rail selection static and crossfade placeholder to result in 120 ms; no geometry motion.","Select A, B, then C quickly; only C may publish and no stale receipt may flash.","Visible title, selected rail row, fetch key, and final receipt ID always agree; previous receipt content is never mislabeled as the new selection. Persona-specific gate: no spatial travel, bounce, scaling, or auto-scroll; keep semantic fades.","PASS"
"S047","U047","VoiceOver reviewer; receipt comparer; navigates by accessible names and focus order","keyboard+VoiceOver","standard","Receipt rail A to receipt rail B — navigates by accessible names and focus order","work.detail.ready(A) -> selectRail(B) -> work.detail.loading(B) -> work.detail.ready(B)","announced state and stable focus, not motion-only meaning; receipt comparer","The rail remains but selection and detail swap instantly to a centered spinner, producing a blank flash and weak source-to-destination continuity.","FAIL","PASS","Keep the rail and record frame stable; move its selected marker with the zero-bounce selection token; show a summary-derived placeholder immediately and crossfade loaded/error detail in 160 ms ease-out.","Keep the rail selection static and crossfade placeholder to result in 120 ms; no geometry motion.","Select A, B, then C quickly; only C may publish and no stale receipt may flash.","Visible title, selected rail row, fetch key, and final receipt ID always agree; previous receipt content is never mislabeled as the new selection. Persona-specific gate: announced state and stable focus, not motion-only meaning.","PASS"
"S048","U048","High-contrast user; receipt comparer; Increase Contrast and Differentiate Without Color","mouse","standard","Receipt rail A to receipt rail B — Increase Contrast and Differentiate Without Color","work.detail.ready(A) -> selectRail(B) -> work.detail.loading(B) -> work.detail.ready(B)","shape, text, or focus state in addition to color; receipt comparer","The rail remains but selection and detail swap instantly to a centered spinner, producing a blank flash and weak source-to-destination continuity.","FAIL","PASS","Keep the rail and record frame stable; move its selected marker with the zero-bounce selection token; show a summary-derived placeholder immediately and crossfade loaded/error detail in 160 ms ease-out.","Keep the rail selection static and crossfade placeholder to result in 120 ms; no geometry motion.","Select A, B, then C quickly; only C may publish and no stale receipt may flash.","Visible title, selected rail row, fetch key, and final receipt ID always agree; previous receipt content is never mislabeled as the new selection. Persona-specific gate: shape, text, or focus state in addition to color.","PASS"
"S049","U049","Low-vision reviewer; receipt comparer; large text and display zoom","mouse","standard","Receipt rail A to receipt rail B — large text and display zoom","work.detail.ready(A) -> selectRail(B) -> work.detail.loading(B) -> work.detail.ready(B)","stable geometry and no clipped transition endpoints; receipt comparer","The rail remains but selection and detail swap instantly to a centered spinner, producing a blank flash and weak source-to-destination continuity.","FAIL","PASS","Keep the rail and record frame stable; move its selected marker with the zero-bounce selection token; show a summary-derived placeholder immediately and crossfade loaded/error detail in 160 ms ease-out.","Keep the rail selection static and crossfade placeholder to result in 120 ms; no geometry motion.","Select A, B, then C quickly; only C may publish and no stale receipt may flash.","Visible title, selected rail row, fetch key, and final receipt ID always agree; previous receipt content is never mislabeled as the new selection. Persona-specific gate: stable geometry and no clipped transition endpoints.","PASS"
"S050","U050","Limited-dexterity user; receipt comparer; slow pointer and occasional repeated activation","mouse","standard","Receipt rail A to receipt rail B — slow pointer and occasional repeated activation","work.detail.ready(A) -> selectRail(B) -> work.detail.loading(B) -> work.detail.ready(B)","comfortable hit targets and forgiving repeat input; receipt comparer","The rail remains but selection and detail swap instantly to a centered spinner, producing a blank flash and weak source-to-destination continuity.","FAIL","PASS","Keep the rail and record frame stable; move its selected marker with the zero-bounce selection token; show a summary-derived placeholder immediately and crossfade loaded/error detail in 160 ms ease-out.","Keep the rail selection static and crossfade placeholder to result in 120 ms; no geometry motion.","Select A, B, then C quickly; only C may publish and no stale receipt may flash.","Visible title, selected rail row, fetch key, and final receipt ID always agree; previous receipt content is never mislabeled as the new selection. Persona-specific gate: comfortable hit targets and forgiving repeat input.","PASS"
"S051","U051","Rapid-switching expert; receipt comparer; issues a second action before the first animation settles","keyboard+mouse","standard","Receipt rail A to receipt rail B — issues a second action before the first animation settles","work.detail.ready(A) -> selectRail(B) -> work.detail.loading(B) -> work.detail.ready(B)","retargeting with no queued or stale destination; receipt comparer","The rail remains but selection and detail swap instantly to a centered spinner, producing a blank flash and weak source-to-destination continuity.","FAIL","PASS","Keep the rail and record frame stable; move its selected marker with the zero-bounce selection token; show a summary-derived placeholder immediately and crossfade loaded/error detail in 160 ms ease-out.","Keep the rail selection static and crossfade placeholder to result in 120 ms; no geometry motion.","Select A, B, then C quickly; only C may publish and no stale receipt may flash.","Visible title, selected rail row, fetch key, and final receipt ID always agree; previous receipt content is never mislabeled as the new selection. Persona-specific gate: retargeting with no queued or stale destination.","PASS"
"S052","U052","Constrained-Mac user; receipt comparer; fetch and rendering take about 800 ms","trackpad","standard","Receipt rail A to receipt rail B — fetch and rendering take about 800 ms","work.detail.ready(A) -> selectRail(B) -> work.detail.loading(B) -> work.detail.ready(B)","stable placeholders and no flicker or frozen-looking blank area; receipt comparer","The rail remains but selection and detail swap instantly to a centered spinner, producing a blank flash and weak source-to-destination continuity.","FAIL","PASS","Keep the rail and record frame stable; move its selected marker with the zero-bounce selection token; show a summary-derived placeholder immediately and crossfade loaded/error detail in 160 ms ease-out.","Keep the rail selection static and crossfade placeholder to result in 120 ms; no geometry motion.","Select A, B, then C quickly; only C may publish and no stale receipt may flash.","Visible title, selected rail row, fetch key, and final receipt ID always agree; previous receipt content is never mislabeled as the new selection. Persona-specific gate: stable placeholders and no flicker or frozen-looking blank area.","PASS"
"S053","U053","Offline investigator; receipt comparer; refresh and receipt fetch can fail","mouse","standard","Receipt rail A to receipt rail B — refresh and receipt fetch can fail","work.detail.ready(A) -> selectRail(B) -> work.detail.loading(B) -> work.detail.ready(B)","nearby actionable error feedback that preserves context; receipt comparer","The rail remains but selection and detail swap instantly to a centered spinner, producing a blank flash and weak source-to-destination continuity.","FAIL","PASS","Keep the rail and record frame stable; move its selected marker with the zero-bounce selection token; show a summary-derived placeholder immediately and crossfade loaded/error detail in 160 ms ease-out.","Keep the rail selection static and crossfade placeholder to result in 120 ms; no geometry motion.","Select A, B, then C quickly; only C may publish and no stale receipt may flash.","Visible title, selected rail row, fetch key, and final receipt ID always agree; previous receipt content is never mislabeled as the new selection. Persona-specific gate: nearby actionable error feedback that preserves context.","PASS"
"S054","U054","Dense-store analyst; receipt comparer; 200 loaded receipts and long evidence payloads","mouse","standard","Receipt rail A to receipt rail B — 200 loaded receipts and long evidence payloads","work.detail.ready(A) -> selectRail(B) -> work.detail.loading(B) -> work.detail.ready(B)","bounded work and no large animated reflow; receipt comparer","The rail remains but selection and detail swap instantly to a centered spinner, producing a blank flash and weak source-to-destination continuity.","FAIL","PASS","Keep the rail and record frame stable; move its selected marker with the zero-bounce selection token; show a summary-derived placeholder immediately and crossfade loaded/error detail in 160 ms ease-out.","Keep the rail selection static and crossfade placeholder to result in 120 ms; no geometry motion.","Select A, B, then C quickly; only C may publish and no stale receipt may flash.","Visible title, selected rail row, fetch key, and final receipt ID always agree; previous receipt content is never mislabeled as the new selection. Persona-specific gate: bounded work and no large animated reflow.","PASS"
"S055","U055","Empty-store newcomer; receipt comparer; no receipts or usage history yet","mouse","standard","Receipt rail A to receipt rail B — no receipts or usage history yet","work.detail.ready(A) -> selectRail(B) -> work.detail.loading(B) -> work.detail.ready(B)","empty-state continuity without fake skeleton loops; receipt comparer","The rail remains but selection and detail swap instantly to a centered spinner, producing a blank flash and weak source-to-destination continuity.","FAIL","PASS","Keep the rail and record frame stable; move its selected marker with the zero-bounce selection token; show a summary-derived placeholder immediately and crossfade loaded/error detail in 160 ms ease-out.","Keep the rail selection static and crossfade placeholder to result in 120 ms; no geometry motion.","Select A, B, then C quickly; only C may publish and no stale receipt may flash.","Visible title, selected rail row, fetch key, and final receipt ID always agree; previous receipt content is never mislabeled as the new selection. Persona-specific gate: empty-state continuity without fake skeleton loops.","PASS"
"S056","U056","Dark-mode night user; receipt comparer; dark appearance and low ambient light","trackpad","standard","Receipt rail A to receipt rail B — dark appearance and low ambient light","work.detail.ready(A) -> selectRail(B) -> work.detail.loading(B) -> work.detail.ready(B)","no brightness flash or double-exposed crossfade; receipt comparer","The rail remains but selection and detail swap instantly to a centered spinner, producing a blank flash and weak source-to-destination continuity.","FAIL","PASS","Keep the rail and record frame stable; move its selected marker with the zero-bounce selection token; show a summary-derived placeholder immediately and crossfade loaded/error detail in 160 ms ease-out.","Keep the rail selection static and crossfade placeholder to result in 120 ms; no geometry motion.","Select A, B, then C quickly; only C may publish and no stale receipt may flash.","Visible title, selected rail row, fetch key, and final receipt ID always agree; previous receipt content is never mislabeled as the new selection. Persona-specific gate: no brightness flash or double-exposed crossfade.","PASS"
"S057","U057","Minimum-window user; receipt comparer; 960 by 560 window","mouse","standard","Receipt rail A to receipt rail B — 960 by 560 window","work.detail.ready(A) -> selectRail(B) -> work.detail.loading(B) -> work.detail.ready(B)","transitions that do not clip or shift the page header; receipt comparer","The rail remains but selection and detail swap instantly to a centered spinner, producing a blank flash and weak source-to-destination continuity.","FAIL","PASS","Keep the rail and record frame stable; move its selected marker with the zero-bounce selection token; show a summary-derived placeholder immediately and crossfade loaded/error detail in 160 ms ease-out.","Keep the rail selection static and crossfade placeholder to result in 120 ms; no geometry motion.","Select A, B, then C quickly; only C may publish and no stale receipt may flash.","Visible title, selected rail row, fetch key, and final receipt ID always agree; previous receipt content is never mislabeled as the new selection. Persona-specific gate: transitions that do not clip or shift the page header.","PASS"
"S058","U058","Ultrawide-window user; receipt comparer; wide 5K display","mouse","standard","Receipt rail A to receipt rail B — wide 5K display","work.detail.ready(A) -> selectRail(B) -> work.detail.loading(B) -> work.detail.ready(B)","motion localized to the affected region rather than the whole canvas; receipt comparer","The rail remains but selection and detail swap instantly to a centered spinner, producing a blank flash and weak source-to-destination continuity.","FAIL","PASS","Keep the rail and record frame stable; move its selected marker with the zero-bounce selection token; show a summary-derived placeholder immediately and crossfade loaded/error detail in 160 ms ease-out.","Keep the rail selection static and crossfade placeholder to result in 120 ms; no geometry motion.","Select A, B, then C quickly; only C may publish and no stale receipt may flash.","Visible title, selected rail row, fetch key, and final receipt ID always agree; previous receipt content is never mislabeled as the new selection. Persona-specific gate: motion localized to the affected region rather than the whole canvas.","PASS"
"S059","U059","Careful non-native-English reader; receipt comparer; reads labels and status slowly","mouse","standard","Receipt rail A to receipt rail B — reads labels and status slowly","work.detail.ready(A) -> selectRail(B) -> work.detail.loading(B) -> work.detail.ready(B)","specific persistent wording and no timed dismissal; receipt comparer","The rail remains but selection and detail swap instantly to a centered spinner, producing a blank flash and weak source-to-destination continuity.","FAIL","PASS","Keep the rail and record frame stable; move its selected marker with the zero-bounce selection token; show a summary-derived placeholder immediately and crossfade loaded/error detail in 160 ms ease-out.","Keep the rail selection static and crossfade placeholder to result in 120 ms; no geometry motion.","Select A, B, then C quickly; only C may publish and no stale receipt may flash.","Visible title, selected rail row, fetch key, and final receipt ID always agree; previous receipt content is never mislabeled as the new selection. Persona-specific gate: specific persistent wording and no timed dismissal.","PASS"
"S060","U060","Anxious failed-check reviewer; receipt comparer; investigates blocked work and failed evidence","mouse","standard","Receipt rail A to receipt rail B — investigates blocked work and failed evidence","work.detail.ready(A) -> selectRail(B) -> work.detail.loading(B) -> work.detail.ready(B)","calm, predictable transitions with errors never softened or hidden; receipt comparer","The rail remains but selection and detail swap instantly to a centered spinner, producing a blank flash and weak source-to-destination continuity.","FAIL","PASS","Keep the rail and record frame stable; move its selected marker with the zero-bounce selection token; show a summary-derived placeholder immediately and crossfade loaded/error detail in 160 ms ease-out.","Keep the rail selection static and crossfade placeholder to result in 120 ms; no geometry motion.","Select A, B, then C quickly; only C may publish and no stale receipt may flash.","Visible title, selected rail row, fetch key, and final receipt ID always agree; previous receipt content is never mislabeled as the new selection. Persona-specific gate: calm, predictable transitions with errors never softened or hidden.","PASS"
"S061","U061","First-day evaluator; hierarchy returner; unfamiliar labels and no learned spatial map","mouse","standard","Receipt detail back to Work table — unfamiliar labels and no learned spatial map","work.detail.ready -> back(All receipts) -> work.list.ready","clear cause-and-effect without surprise; hierarchy returner","The reverse hierarchy change is a direct branch replacement and does not mirror entry, weakening spatial memory.","FAIL","PASS","Use the exact reverse of the 200 ms list-to-detail transition; restore focus and scroll context to the originating task row when still present.","Use a 120 ms opacity dissolve only and restore focus without motion.","Press Back twice or choose Dashboard during exit; navigation resolves to the latest valid destination.","The table returns once, focus is not lost to the window root, filters and sort remain intact, and no stale detail remains interactive. Persona-specific gate: clear cause-and-effect without surprise.","PASS"
"S062","U062","Everyday developer; hierarchy returner; repeats the workflow many times per day","trackpad","standard","Receipt detail back to Work table — repeats the workflow many times per day","work.detail.ready -> back(All receipts) -> work.list.ready","speed with no decorative delay; hierarchy returner","The reverse hierarchy change is a direct branch replacement and does not mirror entry, weakening spatial memory.","FAIL","PASS","Use the exact reverse of the 200 ms list-to-detail transition; restore focus and scroll context to the originating task row when still present.","Use a 120 ms opacity dissolve only and restore focus without motion.","Press Back twice or choose Dashboard during exit; navigation resolves to the latest valid destination.","The table returns once, focus is not lost to the window root, filters and sort remain intact, and no stale detail remains interactive. Persona-specific gate: speed with no decorative delay.","PASS"
"S063","U063","Keyboard-first expert; hierarchy returner; tabs and activates without hovering","keyboard","standard","Receipt detail back to Work table — tabs and activates without hovering","work.detail.ready -> back(All receipts) -> work.list.ready","focus and selection feedback independent of pointer hover; hierarchy returner","The reverse hierarchy change is a direct branch replacement and does not mirror entry, weakening spatial memory.","FAIL","PASS","Use the exact reverse of the 200 ms list-to-detail transition; restore focus and scroll context to the originating task row when still present.","Use a 120 ms opacity dissolve only and restore focus without motion.","Press Back twice or choose Dashboard during exit; navigation resolves to the latest valid destination.","The table returns once, focus is not lost to the window root, filters and sort remain intact, and no stale detail remains interactive. Persona-specific gate: focus and selection feedback independent of pointer hover.","PASS"
"S064","U064","Trackpad power user; hierarchy returner; moves quickly between dense targets","trackpad","standard","Receipt detail back to Work table — moves quickly between dense targets","work.detail.ready -> back(All receipts) -> work.list.ready","immediate, interruptible response; hierarchy returner","The reverse hierarchy change is a direct branch replacement and does not mirror entry, weakening spatial memory.","FAIL","PASS","Use the exact reverse of the 200 ms list-to-detail transition; restore focus and scroll context to the originating task row when still present.","Use a 120 ms opacity dissolve only and restore focus without motion.","Press Back twice or choose Dashboard during exit; navigation resolves to the latest valid destination.","The table returns once, focus is not lost to the window root, filters and sort remain intact, and no stale detail remains interactive. Persona-specific gate: immediate, interruptible response.","PASS"
"S065","U065","Precision-mouse user; hierarchy returner; expects desktop-native restraint","mouse","standard","Receipt detail back to Work table — expects desktop-native restraint","work.detail.ready -> back(All receipts) -> work.list.ready","subtle highlight feedback rather than touch-like theatrics; hierarchy returner","The reverse hierarchy change is a direct branch replacement and does not mirror entry, weakening spatial memory.","FAIL","PASS","Use the exact reverse of the 200 ms list-to-detail transition; restore focus and scroll context to the originating task row when still present.","Use a 120 ms opacity dissolve only and restore focus without motion.","Press Back twice or choose Dashboard during exit; navigation resolves to the latest valid destination.","The table returns once, focus is not lost to the window root, filters and sort remain intact, and no stale detail remains interactive. Persona-specific gate: subtle highlight feedback rather than touch-like theatrics.","PASS"
"S066","U066","Motion-sensitive user; hierarchy returner; macOS Reduce Motion enabled","mouse","reduce","Receipt detail back to Work table — macOS Reduce Motion enabled","work.detail.ready -> back(All receipts) -> work.list.ready","no spatial travel, bounce, scaling, or auto-scroll; keep semantic fades; hierarchy returner","The reverse hierarchy change is a direct branch replacement and does not mirror entry, weakening spatial memory.","FAIL","PASS","Use the exact reverse of the 200 ms list-to-detail transition; restore focus and scroll context to the originating task row when still present.","Use a 120 ms opacity dissolve only and restore focus without motion.","Press Back twice or choose Dashboard during exit; navigation resolves to the latest valid destination.","The table returns once, focus is not lost to the window root, filters and sort remain intact, and no stale detail remains interactive. Persona-specific gate: no spatial travel, bounce, scaling, or auto-scroll; keep semantic fades.","PASS"
"S067","U067","VoiceOver reviewer; hierarchy returner; navigates by accessible names and focus order","keyboard+VoiceOver","standard","Receipt detail back to Work table — navigates by accessible names and focus order","work.detail.ready -> back(All receipts) -> work.list.ready","announced state and stable focus, not motion-only meaning; hierarchy returner","The reverse hierarchy change is a direct branch replacement and does not mirror entry, weakening spatial memory.","FAIL","PASS","Use the exact reverse of the 200 ms list-to-detail transition; restore focus and scroll context to the originating task row when still present.","Use a 120 ms opacity dissolve only and restore focus without motion.","Press Back twice or choose Dashboard during exit; navigation resolves to the latest valid destination.","The table returns once, focus is not lost to the window root, filters and sort remain intact, and no stale detail remains interactive. Persona-specific gate: announced state and stable focus, not motion-only meaning.","PASS"
"S068","U068","High-contrast user; hierarchy returner; Increase Contrast and Differentiate Without Color","mouse","standard","Receipt detail back to Work table — Increase Contrast and Differentiate Without Color","work.detail.ready -> back(All receipts) -> work.list.ready","shape, text, or focus state in addition to color; hierarchy returner","The reverse hierarchy change is a direct branch replacement and does not mirror entry, weakening spatial memory.","FAIL","PASS","Use the exact reverse of the 200 ms list-to-detail transition; restore focus and scroll context to the originating task row when still present.","Use a 120 ms opacity dissolve only and restore focus without motion.","Press Back twice or choose Dashboard during exit; navigation resolves to the latest valid destination.","The table returns once, focus is not lost to the window root, filters and sort remain intact, and no stale detail remains interactive. Persona-specific gate: shape, text, or focus state in addition to color.","PASS"
"S069","U069","Low-vision reviewer; hierarchy returner; large text and display zoom","mouse","standard","Receipt detail back to Work table — large text and display zoom","work.detail.ready -> back(All receipts) -> work.list.ready","stable geometry and no clipped transition endpoints; hierarchy returner","The reverse hierarchy change is a direct branch replacement and does not mirror entry, weakening spatial memory.","FAIL","PASS","Use the exact reverse of the 200 ms list-to-detail transition; restore focus and scroll context to the originating task row when still present.","Use a 120 ms opacity dissolve only and restore focus without motion.","Press Back twice or choose Dashboard during exit; navigation resolves to the latest valid destination.","The table returns once, focus is not lost to the window root, filters and sort remain intact, and no stale detail remains interactive. Persona-specific gate: stable geometry and no clipped transition endpoints.","PASS"
"S070","U070","Limited-dexterity user; hierarchy returner; slow pointer and occasional repeated activation","mouse","standard","Receipt detail back to Work table — slow pointer and occasional repeated activation","work.detail.ready -> back(All receipts) -> work.list.ready","comfortable hit targets and forgiving repeat input; hierarchy returner","The reverse hierarchy change is a direct branch replacement and does not mirror entry, weakening spatial memory.","FAIL","PASS","Use the exact reverse of the 200 ms list-to-detail transition; restore focus and scroll context to the originating task row when still present.","Use a 120 ms opacity dissolve only and restore focus without motion.","Press Back twice or choose Dashboard during exit; navigation resolves to the latest valid destination.","The table returns once, focus is not lost to the window root, filters and sort remain intact, and no stale detail remains interactive. Persona-specific gate: comfortable hit targets and forgiving repeat input.","PASS"
"S071","U071","Rapid-switching expert; hierarchy returner; issues a second action before the first animation settles","keyboard+mouse","standard","Receipt detail back to Work table — issues a second action before the first animation settles","work.detail.ready -> back(All receipts) -> work.list.ready","retargeting with no queued or stale destination; hierarchy returner","The reverse hierarchy change is a direct branch replacement and does not mirror entry, weakening spatial memory.","FAIL","PASS","Use the exact reverse of the 200 ms list-to-detail transition; restore focus and scroll context to the originating task row when still present.","Use a 120 ms opacity dissolve only and restore focus without motion.","Press Back twice or choose Dashboard during exit; navigation resolves to the latest valid destination.","The table returns once, focus is not lost to the window root, filters and sort remain intact, and no stale detail remains interactive. Persona-specific gate: retargeting with no queued or stale destination.","PASS"
"S072","U072","Constrained-Mac user; hierarchy returner; fetch and rendering take about 800 ms","trackpad","standard","Receipt detail back to Work table — fetch and rendering take about 800 ms","work.detail.ready -> back(All receipts) -> work.list.ready","stable placeholders and no flicker or frozen-looking blank area; hierarchy returner","The reverse hierarchy change is a direct branch replacement and does not mirror entry, weakening spatial memory.","FAIL","PASS","Use the exact reverse of the 200 ms list-to-detail transition; restore focus and scroll context to the originating task row when still present.","Use a 120 ms opacity dissolve only and restore focus without motion.","Press Back twice or choose Dashboard during exit; navigation resolves to the latest valid destination.","The table returns once, focus is not lost to the window root, filters and sort remain intact, and no stale detail remains interactive. Persona-specific gate: stable placeholders and no flicker or frozen-looking blank area.","PASS"
"S073","U073","Offline investigator; hierarchy returner; refresh and receipt fetch can fail","mouse","standard","Receipt detail back to Work table — refresh and receipt fetch can fail","work.detail.ready -> back(All receipts) -> work.list.ready","nearby actionable error feedback that preserves context; hierarchy returner","The reverse hierarchy change is a direct branch replacement and does not mirror entry, weakening spatial memory.","FAIL","PASS","Use the exact reverse of the 200 ms list-to-detail transition; restore focus and scroll context to the originating task row when still present.","Use a 120 ms opacity dissolve only and restore focus without motion.","Press Back twice or choose Dashboard during exit; navigation resolves to the latest valid destination.","The table returns once, focus is not lost to the window root, filters and sort remain intact, and no stale detail remains interactive. Persona-specific gate: nearby actionable error feedback that preserves context.","PASS"
"S074","U074","Dense-store analyst; hierarchy returner; 200 loaded receipts and long evidence payloads","mouse","standard","Receipt detail back to Work table — 200 loaded receipts and long evidence payloads","work.detail.ready -> back(All receipts) -> work.list.ready","bounded work and no large animated reflow; hierarchy returner","The reverse hierarchy change is a direct branch replacement and does not mirror entry, weakening spatial memory.","FAIL","PASS","Use the exact reverse of the 200 ms list-to-detail transition; restore focus and scroll context to the originating task row when still present.","Use a 120 ms opacity dissolve only and restore focus without motion.","Press Back twice or choose Dashboard during exit; navigation resolves to the latest valid destination.","The table returns once, focus is not lost to the window root, filters and sort remain intact, and no stale detail remains interactive. Persona-specific gate: bounded work and no large animated reflow.","PASS"
"S075","U075","Empty-store newcomer; hierarchy returner; no receipts or usage history yet","mouse","standard","Receipt detail back to Work table — no receipts or usage history yet","work.detail.ready -> back(All receipts) -> work.list.ready","empty-state continuity without fake skeleton loops; hierarchy returner","The reverse hierarchy change is a direct branch replacement and does not mirror entry, weakening spatial memory.","FAIL","PASS","Use the exact reverse of the 200 ms list-to-detail transition; restore focus and scroll context to the originating task row when still present.","Use a 120 ms opacity dissolve only and restore focus without motion.","Press Back twice or choose Dashboard during exit; navigation resolves to the latest valid destination.","The table returns once, focus is not lost to the window root, filters and sort remain intact, and no stale detail remains interactive. Persona-specific gate: empty-state continuity without fake skeleton loops.","PASS"
"S076","U076","Dark-mode night user; hierarchy returner; dark appearance and low ambient light","trackpad","standard","Receipt detail back to Work table — dark appearance and low ambient light","work.detail.ready -> back(All receipts) -> work.list.ready","no brightness flash or double-exposed crossfade; hierarchy returner","The reverse hierarchy change is a direct branch replacement and does not mirror entry, weakening spatial memory.","FAIL","PASS","Use the exact reverse of the 200 ms list-to-detail transition; restore focus and scroll context to the originating task row when still present.","Use a 120 ms opacity dissolve only and restore focus without motion.","Press Back twice or choose Dashboard during exit; navigation resolves to the latest valid destination.","The table returns once, focus is not lost to the window root, filters and sort remain intact, and no stale detail remains interactive. Persona-specific gate: no brightness flash or double-exposed crossfade.","PASS"
"S077","U077","Minimum-window user; hierarchy returner; 960 by 560 window","mouse","standard","Receipt detail back to Work table — 960 by 560 window","work.detail.ready -> back(All receipts) -> work.list.ready","transitions that do not clip or shift the page header; hierarchy returner","The reverse hierarchy change is a direct branch replacement and does not mirror entry, weakening spatial memory.","FAIL","PASS","Use the exact reverse of the 200 ms list-to-detail transition; restore focus and scroll context to the originating task row when still present.","Use a 120 ms opacity dissolve only and restore focus without motion.","Press Back twice or choose Dashboard during exit; navigation resolves to the latest valid destination.","The table returns once, focus is not lost to the window root, filters and sort remain intact, and no stale detail remains interactive. Persona-specific gate: transitions that do not clip or shift the page header.","PASS"
"S078","U078","Ultrawide-window user; hierarchy returner; wide 5K display","mouse","standard","Receipt detail back to Work table — wide 5K display","work.detail.ready -> back(All receipts) -> work.list.ready","motion localized to the affected region rather than the whole canvas; hierarchy returner","The reverse hierarchy change is a direct branch replacement and does not mirror entry, weakening spatial memory.","FAIL","PASS","Use the exact reverse of the 200 ms list-to-detail transition; restore focus and scroll context to the originating task row when still present.","Use a 120 ms opacity dissolve only and restore focus without motion.","Press Back twice or choose Dashboard during exit; navigation resolves to the latest valid destination.","The table returns once, focus is not lost to the window root, filters and sort remain intact, and no stale detail remains interactive. Persona-specific gate: motion localized to the affected region rather than the whole canvas.","PASS"
"S079","U079","Careful non-native-English reader; hierarchy returner; reads labels and status slowly","mouse","standard","Receipt detail back to Work table — reads labels and status slowly","work.detail.ready -> back(All receipts) -> work.list.ready","specific persistent wording and no timed dismissal; hierarchy returner","The reverse hierarchy change is a direct branch replacement and does not mirror entry, weakening spatial memory.","FAIL","PASS","Use the exact reverse of the 200 ms list-to-detail transition; restore focus and scroll context to the originating task row when still present.","Use a 120 ms opacity dissolve only and restore focus without motion.","Press Back twice or choose Dashboard during exit; navigation resolves to the latest valid destination.","The table returns once, focus is not lost to the window root, filters and sort remain intact, and no stale detail remains interactive. Persona-specific gate: specific persistent wording and no timed dismissal.","PASS"
"S080","U080","Anxious failed-check reviewer; hierarchy returner; investigates blocked work and failed evidence","mouse","standard","Receipt detail back to Work table — investigates blocked work and failed evidence","work.detail.ready -> back(All receipts) -> work.list.ready","calm, predictable transitions with errors never softened or hidden; hierarchy returner","The reverse hierarchy change is a direct branch replacement and does not mirror entry, weakening spatial memory.","FAIL","PASS","Use the exact reverse of the 200 ms list-to-detail transition; restore focus and scroll context to the originating task row when still present.","Use a 120 ms opacity dissolve only and restore focus without motion.","Press Back twice or choose Dashboard during exit; navigation resolves to the latest valid destination.","The table returns once, focus is not lost to the window root, filters and sort remain intact, and no stale detail remains interactive. Persona-specific gate: calm, predictable transitions with errors never softened or hidden.","PASS"
"S081","U081","First-day evaluator; dashboard deep-linker; unfamiliar labels and no learned spatial map","mouse","standard","Dashboard task card to Work receipt — unfamiliar labels and no learned spatial map","root.dashboard.ready -> openTask -> root.work.detail.loading -> work.detail.ready","clear cause-and-effect without surprise; dashboard deep-linker","A top-level pane crossfade and an uncoordinated inner loading replacement can create a list flash, blank frame, or mismatched destination.","FAIL","PASS","Treat the deep link as one atomic destination; enter Work directly in the split-detail shell, preserve the tab crossfade, show the task placeholder, then crossfade the fetched result.","Use opacity-only pane and detail dissolves; avoid layered motion.","Open a second dashboard task before the first fetch completes; only the latest task can display.","No Work table flash; selected tab, selected rail row, placeholder, and receipt converge on one task ID. Persona-specific gate: clear cause-and-effect without surprise.","PASS"
"S082","U082","Everyday developer; dashboard deep-linker; repeats the workflow many times per day","trackpad","standard","Dashboard task card to Work receipt — repeats the workflow many times per day","root.dashboard.ready -> openTask -> root.work.detail.loading -> work.detail.ready","speed with no decorative delay; dashboard deep-linker","A top-level pane crossfade and an uncoordinated inner loading replacement can create a list flash, blank frame, or mismatched destination.","FAIL","PASS","Treat the deep link as one atomic destination; enter Work directly in the split-detail shell, preserve the tab crossfade, show the task placeholder, then crossfade the fetched result.","Use opacity-only pane and detail dissolves; avoid layered motion.","Open a second dashboard task before the first fetch completes; only the latest task can display.","No Work table flash; selected tab, selected rail row, placeholder, and receipt converge on one task ID. Persona-specific gate: speed with no decorative delay.","PASS"
"S083","U083","Keyboard-first expert; dashboard deep-linker; tabs and activates without hovering","keyboard","standard","Dashboard task card to Work receipt — tabs and activates without hovering","root.dashboard.ready -> openTask -> root.work.detail.loading -> work.detail.ready","focus and selection feedback independent of pointer hover; dashboard deep-linker","A top-level pane crossfade and an uncoordinated inner loading replacement can create a list flash, blank frame, or mismatched destination.","FAIL","PASS","Treat the deep link as one atomic destination; enter Work directly in the split-detail shell, preserve the tab crossfade, show the task placeholder, then crossfade the fetched result.","Use opacity-only pane and detail dissolves; avoid layered motion.","Open a second dashboard task before the first fetch completes; only the latest task can display.","No Work table flash; selected tab, selected rail row, placeholder, and receipt converge on one task ID. Persona-specific gate: focus and selection feedback independent of pointer hover.","PASS"
"S084","U084","Trackpad power user; dashboard deep-linker; moves quickly between dense targets","trackpad","standard","Dashboard task card to Work receipt — moves quickly between dense targets","root.dashboard.ready -> openTask -> root.work.detail.loading -> work.detail.ready","immediate, interruptible response; dashboard deep-linker","A top-level pane crossfade and an uncoordinated inner loading replacement can create a list flash, blank frame, or mismatched destination.","FAIL","PASS","Treat the deep link as one atomic destination; enter Work directly in the split-detail shell, preserve the tab crossfade, show the task placeholder, then crossfade the fetched result.","Use opacity-only pane and detail dissolves; avoid layered motion.","Open a second dashboard task before the first fetch completes; only the latest task can display.","No Work table flash; selected tab, selected rail row, placeholder, and receipt converge on one task ID. Persona-specific gate: immediate, interruptible response.","PASS"
"S085","U085","Precision-mouse user; dashboard deep-linker; expects desktop-native restraint","mouse","standard","Dashboard task card to Work receipt — expects desktop-native restraint","root.dashboard.ready -> openTask -> root.work.detail.loading -> work.detail.ready","subtle highlight feedback rather than touch-like theatrics; dashboard deep-linker","A top-level pane crossfade and an uncoordinated inner loading replacement can create a list flash, blank frame, or mismatched destination.","FAIL","PASS","Treat the deep link as one atomic destination; enter Work directly in the split-detail shell, preserve the tab crossfade, show the task placeholder, then crossfade the fetched result.","Use opacity-only pane and detail dissolves; avoid layered motion.","Open a second dashboard task before the first fetch completes; only the latest task can display.","No Work table flash; selected tab, selected rail row, placeholder, and receipt converge on one task ID. Persona-specific gate: subtle highlight feedback rather than touch-like theatrics.","PASS"
"S086","U086","Motion-sensitive user; dashboard deep-linker; macOS Reduce Motion enabled","mouse","reduce","Dashboard task card to Work receipt — macOS Reduce Motion enabled","root.dashboard.ready -> openTask -> root.work.detail.loading -> work.detail.ready","no spatial travel, bounce, scaling, or auto-scroll; keep semantic fades; dashboard deep-linker","A top-level pane crossfade and an uncoordinated inner loading replacement can create a list flash, blank frame, or mismatched destination.","FAIL","PASS","Treat the deep link as one atomic destination; enter Work directly in the split-detail shell, preserve the tab crossfade, show the task placeholder, then crossfade the fetched result.","Use opacity-only pane and detail dissolves; avoid layered motion.","Open a second dashboard task before the first fetch completes; only the latest task can display.","No Work table flash; selected tab, selected rail row, placeholder, and receipt converge on one task ID. Persona-specific gate: no spatial travel, bounce, scaling, or auto-scroll; keep semantic fades.","PASS"
"S087","U087","VoiceOver reviewer; dashboard deep-linker; navigates by accessible names and focus order","keyboard+VoiceOver","standard","Dashboard task card to Work receipt — navigates by accessible names and focus order","root.dashboard.ready -> openTask -> root.work.detail.loading -> work.detail.ready","announced state and stable focus, not motion-only meaning; dashboard deep-linker","A top-level pane crossfade and an uncoordinated inner loading replacement can create a list flash, blank frame, or mismatched destination.","FAIL","PASS","Treat the deep link as one atomic destination; enter Work directly in the split-detail shell, preserve the tab crossfade, show the task placeholder, then crossfade the fetched result.","Use opacity-only pane and detail dissolves; avoid layered motion.","Open a second dashboard task before the first fetch completes; only the latest task can display.","No Work table flash; selected tab, selected rail row, placeholder, and receipt converge on one task ID. Persona-specific gate: announced state and stable focus, not motion-only meaning.","PASS"
"S088","U088","High-contrast user; dashboard deep-linker; Increase Contrast and Differentiate Without Color","mouse","standard","Dashboard task card to Work receipt — Increase Contrast and Differentiate Without Color","root.dashboard.ready -> openTask -> root.work.detail.loading -> work.detail.ready","shape, text, or focus state in addition to color; dashboard deep-linker","A top-level pane crossfade and an uncoordinated inner loading replacement can create a list flash, blank frame, or mismatched destination.","FAIL","PASS","Treat the deep link as one atomic destination; enter Work directly in the split-detail shell, preserve the tab crossfade, show the task placeholder, then crossfade the fetched result.","Use opacity-only pane and detail dissolves; avoid layered motion.","Open a second dashboard task before the first fetch completes; only the latest task can display.","No Work table flash; selected tab, selected rail row, placeholder, and receipt converge on one task ID. Persona-specific gate: shape, text, or focus state in addition to color.","PASS"
"S089","U089","Low-vision reviewer; dashboard deep-linker; large text and display zoom","mouse","standard","Dashboard task card to Work receipt — large text and display zoom","root.dashboard.ready -> openTask -> root.work.detail.loading -> work.detail.ready","stable geometry and no clipped transition endpoints; dashboard deep-linker","A top-level pane crossfade and an uncoordinated inner loading replacement can create a list flash, blank frame, or mismatched destination.","FAIL","PASS","Treat the deep link as one atomic destination; enter Work directly in the split-detail shell, preserve the tab crossfade, show the task placeholder, then crossfade the fetched result.","Use opacity-only pane and detail dissolves; avoid layered motion.","Open a second dashboard task before the first fetch completes; only the latest task can display.","No Work table flash; selected tab, selected rail row, placeholder, and receipt converge on one task ID. Persona-specific gate: stable geometry and no clipped transition endpoints.","PASS"
"S090","U090","Limited-dexterity user; dashboard deep-linker; slow pointer and occasional repeated activation","mouse","standard","Dashboard task card to Work receipt — slow pointer and occasional repeated activation","root.dashboard.ready -> openTask -> root.work.detail.loading -> work.detail.ready","comfortable hit targets and forgiving repeat input; dashboard deep-linker","A top-level pane crossfade and an uncoordinated inner loading replacement can create a list flash, blank frame, or mismatched destination.","FAIL","PASS","Treat the deep link as one atomic destination; enter Work directly in the split-detail shell, preserve the tab crossfade, show the task placeholder, then crossfade the fetched result.","Use opacity-only pane and detail dissolves; avoid layered motion.","Open a second dashboard task before the first fetch completes; only the latest task can display.","No Work table flash; selected tab, selected rail row, placeholder, and receipt converge on one task ID. Persona-specific gate: comfortable hit targets and forgiving repeat input.","PASS"
"S091","U091","Rapid-switching expert; dashboard deep-linker; issues a second action before the first animation settles","keyboard+mouse","standard","Dashboard task card to Work receipt — issues a second action before the first animation settles","root.dashboard.ready -> openTask -> root.work.detail.loading -> work.detail.ready","retargeting with no queued or stale destination; dashboard deep-linker","A top-level pane crossfade and an uncoordinated inner loading replacement can create a list flash, blank frame, or mismatched destination.","FAIL","PASS","Treat the deep link as one atomic destination; enter Work directly in the split-detail shell, preserve the tab crossfade, show the task placeholder, then crossfade the fetched result.","Use opacity-only pane and detail dissolves; avoid layered motion.","Open a second dashboard task before the first fetch completes; only the latest task can display.","No Work table flash; selected tab, selected rail row, placeholder, and receipt converge on one task ID. Persona-specific gate: retargeting with no queued or stale destination.","PASS"
"S092","U092","Constrained-Mac user; dashboard deep-linker; fetch and rendering take about 800 ms","trackpad","standard","Dashboard task card to Work receipt — fetch and rendering take about 800 ms","root.dashboard.ready -> openTask -> root.work.detail.loading -> work.detail.ready","stable placeholders and no flicker or frozen-looking blank area; dashboard deep-linker","A top-level pane crossfade and an uncoordinated inner loading replacement can create a list flash, blank frame, or mismatched destination.","FAIL","PASS","Treat the deep link as one atomic destination; enter Work directly in the split-detail shell, preserve the tab crossfade, show the task placeholder, then crossfade the fetched result.","Use opacity-only pane and detail dissolves; avoid layered motion.","Open a second dashboard task before the first fetch completes; only the latest task can display.","No Work table flash; selected tab, selected rail row, placeholder, and receipt converge on one task ID. Persona-specific gate: stable placeholders and no flicker or frozen-looking blank area.","PASS"
"S093","U093","Offline investigator; dashboard deep-linker; refresh and receipt fetch can fail","mouse","standard","Dashboard task card to Work receipt — refresh and receipt fetch can fail","root.dashboard.ready -> openTask -> root.work.detail.loading -> work.detail.ready","nearby actionable error feedback that preserves context; dashboard deep-linker","A top-level pane crossfade and an uncoordinated inner loading replacement can create a list flash, blank frame, or mismatched destination.","FAIL","PASS","Treat the deep link as one atomic destination; enter Work directly in the split-detail shell, preserve the tab crossfade, show the task placeholder, then crossfade the fetched result.","Use opacity-only pane and detail dissolves; avoid layered motion.","Open a second dashboard task before the first fetch completes; only the latest task can display.","No Work table flash; selected tab, selected rail row, placeholder, and receipt converge on one task ID. Persona-specific gate: nearby actionable error feedback that preserves context.","PASS"
"S094","U094","Dense-store analyst; dashboard deep-linker; 200 loaded receipts and long evidence payloads","mouse","standard","Dashboard task card to Work receipt — 200 loaded receipts and long evidence payloads","root.dashboard.ready -> openTask -> root.work.detail.loading -> work.detail.ready","bounded work and no large animated reflow; dashboard deep-linker","A top-level pane crossfade and an uncoordinated inner loading replacement can create a list flash, blank frame, or mismatched destination.","FAIL","PASS","Treat the deep link as one atomic destination; enter Work directly in the split-detail shell, preserve the tab crossfade, show the task placeholder, then crossfade the fetched result.","Use opacity-only pane and detail dissolves; avoid layered motion.","Open a second dashboard task before the first fetch completes; only the latest task can display.","No Work table flash; selected tab, selected rail row, placeholder, and receipt converge on one task ID. Persona-specific gate: bounded work and no large animated reflow.","PASS"
"S095","U095","Empty-store newcomer; dashboard deep-linker; no receipts or usage history yet","mouse","standard","Dashboard task card to Work receipt — no receipts or usage history yet","root.dashboard.ready -> openTask -> root.work.detail.loading -> work.detail.ready","empty-state continuity without fake skeleton loops; dashboard deep-linker","A top-level pane crossfade and an uncoordinated inner loading replacement can create a list flash, blank frame, or mismatched destination.","FAIL","PASS","Treat the deep link as one atomic destination; enter Work directly in the split-detail shell, preserve the tab crossfade, show the task placeholder, then crossfade the fetched result.","Use opacity-only pane and detail dissolves; avoid layered motion.","Open a second dashboard task before the first fetch completes; only the latest task can display.","No Work table flash; selected tab, selected rail row, placeholder, and receipt converge on one task ID. Persona-specific gate: empty-state continuity without fake skeleton loops.","PASS"
"S096","U096","Dark-mode night user; dashboard deep-linker; dark appearance and low ambient light","trackpad","standard","Dashboard task card to Work receipt — dark appearance and low ambient light","root.dashboard.ready -> openTask -> root.work.detail.loading -> work.detail.ready","no brightness flash or double-exposed crossfade; dashboard deep-linker","A top-level pane crossfade and an uncoordinated inner loading replacement can create a list flash, blank frame, or mismatched destination.","FAIL","PASS","Treat the deep link as one atomic destination; enter Work directly in the split-detail shell, preserve the tab crossfade, show the task placeholder, then crossfade the fetched result.","Use opacity-only pane and detail dissolves; avoid layered motion.","Open a second dashboard task before the first fetch completes; only the latest task can display.","No Work table flash; selected tab, selected rail row, placeholder, and receipt converge on one task ID. Persona-specific gate: no brightness flash or double-exposed crossfade.","PASS"
"S097","U097","Minimum-window user; dashboard deep-linker; 960 by 560 window","mouse","standard","Dashboard task card to Work receipt — 960 by 560 window","root.dashboard.ready -> openTask -> root.work.detail.loading -> work.detail.ready","transitions that do not clip or shift the page header; dashboard deep-linker","A top-level pane crossfade and an uncoordinated inner loading replacement can create a list flash, blank frame, or mismatched destination.","FAIL","PASS","Treat the deep link as one atomic destination; enter Work directly in the split-detail shell, preserve the tab crossfade, show the task placeholder, then crossfade the fetched result.","Use opacity-only pane and detail dissolves; avoid layered motion.","Open a second dashboard task before the first fetch completes; only the latest task can display.","No Work table flash; selected tab, selected rail row, placeholder, and receipt converge on one task ID. Persona-specific gate: transitions that do not clip or shift the page header.","PASS"
"S098","U098","Ultrawide-window user; dashboard deep-linker; wide 5K display","mouse","standard","Dashboard task card to Work receipt — wide 5K display","root.dashboard.ready -> openTask -> root.work.detail.loading -> work.detail.ready","motion localized to the affected region rather than the whole canvas; dashboard deep-linker","A top-level pane crossfade and an uncoordinated inner loading replacement can create a list flash, blank frame, or mismatched destination.","FAIL","PASS","Treat the deep link as one atomic destination; enter Work directly in the split-detail shell, preserve the tab crossfade, show the task placeholder, then crossfade the fetched result.","Use opacity-only pane and detail dissolves; avoid layered motion.","Open a second dashboard task before the first fetch completes; only the latest task can display.","No Work table flash; selected tab, selected rail row, placeholder, and receipt converge on one task ID. Persona-specific gate: motion localized to the affected region rather than the whole canvas.","PASS"
"S099","U099","Careful non-native-English reader; dashboard deep-linker; reads labels and status slowly","mouse","standard","Dashboard task card to Work receipt — reads labels and status slowly","root.dashboard.ready -> openTask -> root.work.detail.loading -> work.detail.ready","specific persistent wording and no timed dismissal; dashboard deep-linker","A top-level pane crossfade and an uncoordinated inner loading replacement can create a list flash, blank frame, or mismatched destination.","FAIL","PASS","Treat the deep link as one atomic destination; enter Work directly in the split-detail shell, preserve the tab crossfade, show the task placeholder, then crossfade the fetched result.","Use opacity-only pane and detail dissolves; avoid layered motion.","Open a second dashboard task before the first fetch completes; only the latest task can display.","No Work table flash; selected tab, selected rail row, placeholder, and receipt converge on one task ID. Persona-specific gate: specific persistent wording and no timed dismissal.","PASS"
"S100","U100","Anxious failed-check reviewer; dashboard deep-linker; investigates blocked work and failed evidence","mouse","standard","Dashboard task card to Work receipt — investigates blocked work and failed evidence","root.dashboard.ready -> openTask -> root.work.detail.loading -> work.detail.ready","calm, predictable transitions with errors never softened or hidden; dashboard deep-linker","A top-level pane crossfade and an uncoordinated inner loading replacement can create a list flash, blank frame, or mismatched destination.","FAIL","PASS","Treat the deep link as one atomic destination; enter Work directly in the split-detail shell, preserve the tab crossfade, show the task placeholder, then crossfade the fetched result.","Use opacity-only pane and detail dissolves; avoid layered motion.","Open a second dashboard task before the first fetch completes; only the latest task can display.","No Work table flash; selected tab, selected rail row, placeholder, and receipt converge on one task ID. Persona-specific gate: calm, predictable transitions with errors never softened or hidden.","PASS"
"S101","U101","First-day evaluator; ledger organizer; unfamiliar labels and no learned spatial map","mouse","standard","Work lifecycle tab, filter, and sort — unfamiliar labels and no learned spatial map","work.list.ready -> setGroup/filter/sort -> work.list.ready(filtered)","clear cause-and-effect without surprise; ledger organizer","Plain buttons and instantaneous underline/row changes provide inconsistent press acknowledgement; decorative row entrances would slow a high-frequency workflow.","PASS","PASS","Use a 100 ms color/opacity press state; move only the active underline with the 180 ms content token; update filtered/sorted rows immediately without stagger or whole-list animation.","Keep the 100 ms non-spatial press/highlight feedback; row updates remain immediate.","Change group, sort, and query rapidly; the list reflects the latest combined state without queued transitions.","Focus remains on the control in use; counts and rows agree; no row animation delays keyboard or pointer input. Persona-specific gate: clear cause-and-effect without surprise.","PASS"
"S102","U102","Everyday developer; ledger organizer; repeats the workflow many times per day","trackpad","standard","Work lifecycle tab, filter, and sort — repeats the workflow many times per day","work.list.ready -> setGroup/filter/sort -> work.list.ready(filtered)","speed with no decorative delay; ledger organizer","Plain buttons and instantaneous underline/row changes provide inconsistent press acknowledgement; decorative row entrances would slow a high-frequency workflow.","PASS","PASS","Use a 100 ms color/opacity press state; move only the active underline with the 180 ms content token; update filtered/sorted rows immediately without stagger or whole-list animation.","Keep the 100 ms non-spatial press/highlight feedback; row updates remain immediate.","Change group, sort, and query rapidly; the list reflects the latest combined state without queued transitions.","Focus remains on the control in use; counts and rows agree; no row animation delays keyboard or pointer input. Persona-specific gate: speed with no decorative delay.","PASS"
"S103","U103","Keyboard-first expert; ledger organizer; tabs and activates without hovering","keyboard","standard","Work lifecycle tab, filter, and sort — tabs and activates without hovering","work.list.ready -> setGroup/filter/sort -> work.list.ready(filtered)","focus and selection feedback independent of pointer hover; ledger organizer","Plain buttons and instantaneous underline/row changes provide inconsistent press acknowledgement; decorative row entrances would slow a high-frequency workflow.","RISK","RISK","Use a 100 ms color/opacity press state; move only the active underline with the 180 ms content token; update filtered/sorted rows immediately without stagger or whole-list animation.","Keep the 100 ms non-spatial press/highlight feedback; row updates remain immediate.","Change group, sort, and query rapidly; the list reflects the latest combined state without queued transitions.","Focus remains on the control in use; counts and rows agree; no row animation delays keyboard or pointer input. Persona-specific gate: focus and selection feedback independent of pointer hover.","PASS"
"S104","U104","Trackpad power user; ledger organizer; moves quickly between dense targets","trackpad","standard","Work lifecycle tab, filter, and sort — moves quickly between dense targets","work.list.ready -> setGroup/filter/sort -> work.list.ready(filtered)","immediate, interruptible response; ledger organizer","Plain buttons and instantaneous underline/row changes provide inconsistent press acknowledgement; decorative row entrances would slow a high-frequency workflow.","PASS","PASS","Use a 100 ms color/opacity press state; move only the active underline with the 180 ms content token; update filtered/sorted rows immediately without stagger or whole-list animation.","Keep the 100 ms non-spatial press/highlight feedback; row updates remain immediate.","Change group, sort, and query rapidly; the list reflects the latest combined state without queued transitions.","Focus remains on the control in use; counts and rows agree; no row animation delays keyboard or pointer input. Persona-specific gate: immediate, interruptible response.","PASS"
"S105","U105","Precision-mouse user; ledger organizer; expects desktop-native restraint","mouse","standard","Work lifecycle tab, filter, and sort — expects desktop-native restraint","work.list.ready -> setGroup/filter/sort -> work.list.ready(filtered)","subtle highlight feedback rather than touch-like theatrics; ledger organizer","Plain buttons and instantaneous underline/row changes provide inconsistent press acknowledgement; decorative row entrances would slow a high-frequency workflow.","PASS","PASS","Use a 100 ms color/opacity press state; move only the active underline with the 180 ms content token; update filtered/sorted rows immediately without stagger or whole-list animation.","Keep the 100 ms non-spatial press/highlight feedback; row updates remain immediate.","Change group, sort, and query rapidly; the list reflects the latest combined state without queued transitions.","Focus remains on the control in use; counts and rows agree; no row animation delays keyboard or pointer input. Persona-specific gate: subtle highlight feedback rather than touch-like theatrics.","PASS"
"S106","U106","Motion-sensitive user; ledger organizer; macOS Reduce Motion enabled","mouse","reduce","Work lifecycle tab, filter, and sort — macOS Reduce Motion enabled","work.list.ready -> setGroup/filter/sort -> work.list.ready(filtered)","no spatial travel, bounce, scaling, or auto-scroll; keep semantic fades; ledger organizer","Plain buttons and instantaneous underline/row changes provide inconsistent press acknowledgement; decorative row entrances would slow a high-frequency workflow.","RISK","RISK","Use a 100 ms color/opacity press state; move only the active underline with the 180 ms content token; update filtered/sorted rows immediately without stagger or whole-list animation.","Keep the 100 ms non-spatial press/highlight feedback; row updates remain immediate.","Change group, sort, and query rapidly; the list reflects the latest combined state without queued transitions.","Focus remains on the control in use; counts and rows agree; no row animation delays keyboard or pointer input. Persona-specific gate: no spatial travel, bounce, scaling, or auto-scroll; keep semantic fades.","PASS"
"S107","U107","VoiceOver reviewer; ledger organizer; navigates by accessible names and focus order","keyboard+VoiceOver","standard","Work lifecycle tab, filter, and sort — navigates by accessible names and focus order","work.list.ready -> setGroup/filter/sort -> work.list.ready(filtered)","announced state and stable focus, not motion-only meaning; ledger organizer","Plain buttons and instantaneous underline/row changes provide inconsistent press acknowledgement; decorative row entrances would slow a high-frequency workflow.","RISK","RISK","Use a 100 ms color/opacity press state; move only the active underline with the 180 ms content token; update filtered/sorted rows immediately without stagger or whole-list animation.","Keep the 100 ms non-spatial press/highlight feedback; row updates remain immediate.","Change group, sort, and query rapidly; the list reflects the latest combined state without queued transitions.","Focus remains on the control in use; counts and rows agree; no row animation delays keyboard or pointer input. Persona-specific gate: announced state and stable focus, not motion-only meaning.","PASS"
"S108","U108","High-contrast user; ledger organizer; Increase Contrast and Differentiate Without Color","mouse","standard","Work lifecycle tab, filter, and sort — Increase Contrast and Differentiate Without Color","work.list.ready -> setGroup/filter/sort -> work.list.ready(filtered)","shape, text, or focus state in addition to color; ledger organizer","Plain buttons and instantaneous underline/row changes provide inconsistent press acknowledgement; decorative row entrances would slow a high-frequency workflow.","PASS","PASS","Use a 100 ms color/opacity press state; move only the active underline with the 180 ms content token; update filtered/sorted rows immediately without stagger or whole-list animation.","Keep the 100 ms non-spatial press/highlight feedback; row updates remain immediate.","Change group, sort, and query rapidly; the list reflects the latest combined state without queued transitions.","Focus remains on the control in use; counts and rows agree; no row animation delays keyboard or pointer input. Persona-specific gate: shape, text, or focus state in addition to color.","PASS"
"S109","U109","Low-vision reviewer; ledger organizer; large text and display zoom","mouse","standard","Work lifecycle tab, filter, and sort — large text and display zoom","work.list.ready -> setGroup/filter/sort -> work.list.ready(filtered)","stable geometry and no clipped transition endpoints; ledger organizer","Plain buttons and instantaneous underline/row changes provide inconsistent press acknowledgement; decorative row entrances would slow a high-frequency workflow.","RISK","RISK","Use a 100 ms color/opacity press state; move only the active underline with the 180 ms content token; update filtered/sorted rows immediately without stagger or whole-list animation.","Keep the 100 ms non-spatial press/highlight feedback; row updates remain immediate.","Change group, sort, and query rapidly; the list reflects the latest combined state without queued transitions.","Focus remains on the control in use; counts and rows agree; no row animation delays keyboard or pointer input. Persona-specific gate: stable geometry and no clipped transition endpoints.","PASS"
"S110","U110","Limited-dexterity user; ledger organizer; slow pointer and occasional repeated activation","mouse","standard","Work lifecycle tab, filter, and sort — slow pointer and occasional repeated activation","work.list.ready -> setGroup/filter/sort -> work.list.ready(filtered)","comfortable hit targets and forgiving repeat input; ledger organizer","Plain buttons and instantaneous underline/row changes provide inconsistent press acknowledgement; decorative row entrances would slow a high-frequency workflow.","PASS","PASS","Use a 100 ms color/opacity press state; move only the active underline with the 180 ms content token; update filtered/sorted rows immediately without stagger or whole-list animation.","Keep the 100 ms non-spatial press/highlight feedback; row updates remain immediate.","Change group, sort, and query rapidly; the list reflects the latest combined state without queued transitions.","Focus remains on the control in use; counts and rows agree; no row animation delays keyboard or pointer input. Persona-specific gate: comfortable hit targets and forgiving repeat input.","PASS"
"S111","U111","Rapid-switching expert; ledger organizer; issues a second action before the first animation settles","keyboard+mouse","standard","Work lifecycle tab, filter, and sort — issues a second action before the first animation settles","work.list.ready -> setGroup/filter/sort -> work.list.ready(filtered)","retargeting with no queued or stale destination; ledger organizer","Plain buttons and instantaneous underline/row changes provide inconsistent press acknowledgement; decorative row entrances would slow a high-frequency workflow.","RISK","RISK","Use a 100 ms color/opacity press state; move only the active underline with the 180 ms content token; update filtered/sorted rows immediately without stagger or whole-list animation.","Keep the 100 ms non-spatial press/highlight feedback; row updates remain immediate.","Change group, sort, and query rapidly; the list reflects the latest combined state without queued transitions.","Focus remains on the control in use; counts and rows agree; no row animation delays keyboard or pointer input. Persona-specific gate: retargeting with no queued or stale destination.","PASS"
"S112","U112","Constrained-Mac user; ledger organizer; fetch and rendering take about 800 ms","trackpad","standard","Work lifecycle tab, filter, and sort — fetch and rendering take about 800 ms","work.list.ready -> setGroup/filter/sort -> work.list.ready(filtered)","stable placeholders and no flicker or frozen-looking blank area; ledger organizer","Plain buttons and instantaneous underline/row changes provide inconsistent press acknowledgement; decorative row entrances would slow a high-frequency workflow.","PASS","PASS","Use a 100 ms color/opacity press state; move only the active underline with the 180 ms content token; update filtered/sorted rows immediately without stagger or whole-list animation.","Keep the 100 ms non-spatial press/highlight feedback; row updates remain immediate.","Change group, sort, and query rapidly; the list reflects the latest combined state without queued transitions.","Focus remains on the control in use; counts and rows agree; no row animation delays keyboard or pointer input. Persona-specific gate: stable placeholders and no flicker or frozen-looking blank area.","PASS"
"S113","U113","Offline investigator; ledger organizer; refresh and receipt fetch can fail","mouse","standard","Work lifecycle tab, filter, and sort — refresh and receipt fetch can fail","work.list.ready -> setGroup/filter/sort -> work.list.ready(filtered)","nearby actionable error feedback that preserves context; ledger organizer","Plain buttons and instantaneous underline/row changes provide inconsistent press acknowledgement; decorative row entrances would slow a high-frequency workflow.","PASS","PASS","Use a 100 ms color/opacity press state; move only the active underline with the 180 ms content token; update filtered/sorted rows immediately without stagger or whole-list animation.","Keep the 100 ms non-spatial press/highlight feedback; row updates remain immediate.","Change group, sort, and query rapidly; the list reflects the latest combined state without queued transitions.","Focus remains on the control in use; counts and rows agree; no row animation delays keyboard or pointer input. Persona-specific gate: nearby actionable error feedback that preserves context.","PASS"
"S114","U114","Dense-store analyst; ledger organizer; 200 loaded receipts and long evidence payloads","mouse","standard","Work lifecycle tab, filter, and sort — 200 loaded receipts and long evidence payloads","work.list.ready -> setGroup/filter/sort -> work.list.ready(filtered)","bounded work and no large animated reflow; ledger organizer","Plain buttons and instantaneous underline/row changes provide inconsistent press acknowledgement; decorative row entrances would slow a high-frequency workflow.","RISK","RISK","Use a 100 ms color/opacity press state; move only the active underline with the 180 ms content token; update filtered/sorted rows immediately without stagger or whole-list animation.","Keep the 100 ms non-spatial press/highlight feedback; row updates remain immediate.","Change group, sort, and query rapidly; the list reflects the latest combined state without queued transitions.","Focus remains on the control in use; counts and rows agree; no row animation delays keyboard or pointer input. Persona-specific gate: bounded work and no large animated reflow.","PASS"
"S115","U115","Empty-store newcomer; ledger organizer; no receipts or usage history yet","mouse","standard","Work lifecycle tab, filter, and sort — no receipts or usage history yet","work.list.ready -> setGroup/filter/sort -> work.list.ready(filtered)","empty-state continuity without fake skeleton loops; ledger organizer","Plain buttons and instantaneous underline/row changes provide inconsistent press acknowledgement; decorative row entrances would slow a high-frequency workflow.","PASS","PASS","Use a 100 ms color/opacity press state; move only the active underline with the 180 ms content token; update filtered/sorted rows immediately without stagger or whole-list animation.","Keep the 100 ms non-spatial press/highlight feedback; row updates remain immediate.","Change group, sort, and query rapidly; the list reflects the latest combined state without queued transitions.","Focus remains on the control in use; counts and rows agree; no row animation delays keyboard or pointer input. Persona-specific gate: empty-state continuity without fake skeleton loops.","PASS"
"S116","U116","Dark-mode night user; ledger organizer; dark appearance and low ambient light","trackpad","standard","Work lifecycle tab, filter, and sort — dark appearance and low ambient light","work.list.ready -> setGroup/filter/sort -> work.list.ready(filtered)","no brightness flash or double-exposed crossfade; ledger organizer","Plain buttons and instantaneous underline/row changes provide inconsistent press acknowledgement; decorative row entrances would slow a high-frequency workflow.","PASS","PASS","Use a 100 ms color/opacity press state; move only the active underline with the 180 ms content token; update filtered/sorted rows immediately without stagger or whole-list animation.","Keep the 100 ms non-spatial press/highlight feedback; row updates remain immediate.","Change group, sort, and query rapidly; the list reflects the latest combined state without queued transitions.","Focus remains on the control in use; counts and rows agree; no row animation delays keyboard or pointer input. Persona-specific gate: no brightness flash or double-exposed crossfade.","PASS"
"S117","U117","Minimum-window user; ledger organizer; 960 by 560 window","mouse","standard","Work lifecycle tab, filter, and sort — 960 by 560 window","work.list.ready -> setGroup/filter/sort -> work.list.ready(filtered)","transitions that do not clip or shift the page header; ledger organizer","Plain buttons and instantaneous underline/row changes provide inconsistent press acknowledgement; decorative row entrances would slow a high-frequency workflow.","PASS","PASS","Use a 100 ms color/opacity press state; move only the active underline with the 180 ms content token; update filtered/sorted rows immediately without stagger or whole-list animation.","Keep the 100 ms non-spatial press/highlight feedback; row updates remain immediate.","Change group, sort, and query rapidly; the list reflects the latest combined state without queued transitions.","Focus remains on the control in use; counts and rows agree; no row animation delays keyboard or pointer input. Persona-specific gate: transitions that do not clip or shift the page header.","PASS"
"S118","U118","Ultrawide-window user; ledger organizer; wide 5K display","mouse","standard","Work lifecycle tab, filter, and sort — wide 5K display","work.list.ready -> setGroup/filter/sort -> work.list.ready(filtered)","motion localized to the affected region rather than the whole canvas; ledger organizer","Plain buttons and instantaneous underline/row changes provide inconsistent press acknowledgement; decorative row entrances would slow a high-frequency workflow.","PASS","PASS","Use a 100 ms color/opacity press state; move only the active underline with the 180 ms content token; update filtered/sorted rows immediately without stagger or whole-list animation.","Keep the 100 ms non-spatial press/highlight feedback; row updates remain immediate.","Change group, sort, and query rapidly; the list reflects the latest combined state without queued transitions.","Focus remains on the control in use; counts and rows agree; no row animation delays keyboard or pointer input. Persona-specific gate: motion localized to the affected region rather than the whole canvas.","PASS"
"S119","U119","Careful non-native-English reader; ledger organizer; reads labels and status slowly","mouse","standard","Work lifecycle tab, filter, and sort — reads labels and status slowly","work.list.ready -> setGroup/filter/sort -> work.list.ready(filtered)","specific persistent wording and no timed dismissal; ledger organizer","Plain buttons and instantaneous underline/row changes provide inconsistent press acknowledgement; decorative row entrances would slow a high-frequency workflow.","PASS","PASS","Use a 100 ms color/opacity press state; move only the active underline with the 180 ms content token; update filtered/sorted rows immediately without stagger or whole-list animation.","Keep the 100 ms non-spatial press/highlight feedback; row updates remain immediate.","Change group, sort, and query rapidly; the list reflects the latest combined state without queued transitions.","Focus remains on the control in use; counts and rows agree; no row animation delays keyboard or pointer input. Persona-specific gate: specific persistent wording and no timed dismissal.","PASS"
"S120","U120","Anxious failed-check reviewer; ledger organizer; investigates blocked work and failed evidence","mouse","standard","Work lifecycle tab, filter, and sort — investigates blocked work and failed evidence","work.list.ready -> setGroup/filter/sort -> work.list.ready(filtered)","calm, predictable transitions with errors never softened or hidden; ledger organizer","Plain buttons and instantaneous underline/row changes provide inconsistent press acknowledgement; decorative row entrances would slow a high-frequency workflow.","PASS","PASS","Use a 100 ms color/opacity press state; move only the active underline with the 180 ms content token; update filtered/sorted rows immediately without stagger or whole-list animation.","Keep the 100 ms non-spatial press/highlight feedback; row updates remain immediate.","Change group, sort, and query rapidly; the list reflects the latest combined state without queued transitions.","Focus remains on the control in use; counts and rows agree; no row animation delays keyboard or pointer input. Persona-specific gate: calm, predictable transitions with errors never softened or hidden.","PASS"
"S121","U121","First-day evaluator; usage explorer; unfamiliar labels and no learned spatial map","mouse","standard","Usage measure, client group, and selected day — unfamiliar labels and no learned spatial map","usage.ready -> setMeasure/group/day -> usage.ready(updated)","clear cause-and-effect without surprise; usage explorer","Labels, tooltip, and bar geometry can change on different timing paths, making the chart feel abrupt or briefly contradictory.","RISK","RISK","Commit control selection immediately; use 180 ms ease-in-out for bounded bar interpolation and 160 ms content transitions for numeric/text changes; keep chart controls interactive.","Update bar geometry without animation and retain a 120 ms opacity/color transition for labels and selection.","Change Cost to Tokens and client group before interpolation finishes; merge to the latest values without restarting from zero.","Axis, title, bars, tooltip, and selected-day value describe the same series on every settled frame; unpriced never animates through a fake zero. Persona-specific gate: clear cause-and-effect without surprise.","PASS"
"S122","U122","Everyday developer; usage explorer; repeats the workflow many times per day","trackpad","standard","Usage measure, client group, and selected day — repeats the workflow many times per day","usage.ready -> setMeasure/group/day -> usage.ready(updated)","speed with no decorative delay; usage explorer","Labels, tooltip, and bar geometry can change on different timing paths, making the chart feel abrupt or briefly contradictory.","RISK","RISK","Commit control selection immediately; use 180 ms ease-in-out for bounded bar interpolation and 160 ms content transitions for numeric/text changes; keep chart controls interactive.","Update bar geometry without animation and retain a 120 ms opacity/color transition for labels and selection.","Change Cost to Tokens and client group before interpolation finishes; merge to the latest values without restarting from zero.","Axis, title, bars, tooltip, and selected-day value describe the same series on every settled frame; unpriced never animates through a fake zero. Persona-specific gate: speed with no decorative delay.","PASS"
"S123","U123","Keyboard-first expert; usage explorer; tabs and activates without hovering","keyboard","standard","Usage measure, client group, and selected day — tabs and activates without hovering","usage.ready -> setMeasure/group/day -> usage.ready(updated)","focus and selection feedback independent of pointer hover; usage explorer","Labels, tooltip, and bar geometry can change on different timing paths, making the chart feel abrupt or briefly contradictory.","RISK","RISK","Commit control selection immediately; use 180 ms ease-in-out for bounded bar interpolation and 160 ms content transitions for numeric/text changes; keep chart controls interactive.","Update bar geometry without animation and retain a 120 ms opacity/color transition for labels and selection.","Change Cost to Tokens and client group before interpolation finishes; merge to the latest values without restarting from zero.","Axis, title, bars, tooltip, and selected-day value describe the same series on every settled frame; unpriced never animates through a fake zero. Persona-specific gate: focus and selection feedback independent of pointer hover.","PASS"
"S124","U124","Trackpad power user; usage explorer; moves quickly between dense targets","trackpad","standard","Usage measure, client group, and selected day — moves quickly between dense targets","usage.ready -> setMeasure/group/day -> usage.ready(updated)","immediate, interruptible response; usage explorer","Labels, tooltip, and bar geometry can change on different timing paths, making the chart feel abrupt or briefly contradictory.","RISK","RISK","Commit control selection immediately; use 180 ms ease-in-out for bounded bar interpolation and 160 ms content transitions for numeric/text changes; keep chart controls interactive.","Update bar geometry without animation and retain a 120 ms opacity/color transition for labels and selection.","Change Cost to Tokens and client group before interpolation finishes; merge to the latest values without restarting from zero.","Axis, title, bars, tooltip, and selected-day value describe the same series on every settled frame; unpriced never animates through a fake zero. Persona-specific gate: immediate, interruptible response.","PASS"
"S125","U125","Precision-mouse user; usage explorer; expects desktop-native restraint","mouse","standard","Usage measure, client group, and selected day — expects desktop-native restraint","usage.ready -> setMeasure/group/day -> usage.ready(updated)","subtle highlight feedback rather than touch-like theatrics; usage explorer","Labels, tooltip, and bar geometry can change on different timing paths, making the chart feel abrupt or briefly contradictory.","RISK","RISK","Commit control selection immediately; use 180 ms ease-in-out for bounded bar interpolation and 160 ms content transitions for numeric/text changes; keep chart controls interactive.","Update bar geometry without animation and retain a 120 ms opacity/color transition for labels and selection.","Change Cost to Tokens and client group before interpolation finishes; merge to the latest values without restarting from zero.","Axis, title, bars, tooltip, and selected-day value describe the same series on every settled frame; unpriced never animates through a fake zero. Persona-specific gate: subtle highlight feedback rather than touch-like theatrics.","PASS"
"S126","U126","Motion-sensitive user; usage explorer; macOS Reduce Motion enabled","mouse","reduce","Usage measure, client group, and selected day — macOS Reduce Motion enabled","usage.ready -> setMeasure/group/day -> usage.ready(updated)","no spatial travel, bounce, scaling, or auto-scroll; keep semantic fades; usage explorer","Labels, tooltip, and bar geometry can change on different timing paths, making the chart feel abrupt or briefly contradictory.","FAIL","FAIL","Commit control selection immediately; use 180 ms ease-in-out for bounded bar interpolation and 160 ms content transitions for numeric/text changes; keep chart controls interactive.","Update bar geometry without animation and retain a 120 ms opacity/color transition for labels and selection.","Change Cost to Tokens and client group before interpolation finishes; merge to the latest values without restarting from zero.","Axis, title, bars, tooltip, and selected-day value describe the same series on every settled frame; unpriced never animates through a fake zero. Persona-specific gate: no spatial travel, bounce, scaling, or auto-scroll; keep semantic fades.","PASS"
"S127","U127","VoiceOver reviewer; usage explorer; navigates by accessible names and focus order","keyboard+VoiceOver","standard","Usage measure, client group, and selected day — navigates by accessible names and focus order","usage.ready -> setMeasure/group/day -> usage.ready(updated)","announced state and stable focus, not motion-only meaning; usage explorer","Labels, tooltip, and bar geometry can change on different timing paths, making the chart feel abrupt or briefly contradictory.","FAIL","FAIL","Commit control selection immediately; use 180 ms ease-in-out for bounded bar interpolation and 160 ms content transitions for numeric/text changes; keep chart controls interactive.","Update bar geometry without animation and retain a 120 ms opacity/color transition for labels and selection.","Change Cost to Tokens and client group before interpolation finishes; merge to the latest values without restarting from zero.","Axis, title, bars, tooltip, and selected-day value describe the same series on every settled frame; unpriced never animates through a fake zero. Persona-specific gate: announced state and stable focus, not motion-only meaning.","PASS"
"S128","U128","High-contrast user; usage explorer; Increase Contrast and Differentiate Without Color","mouse","standard","Usage measure, client group, and selected day — Increase Contrast and Differentiate Without Color","usage.ready -> setMeasure/group/day -> usage.ready(updated)","shape, text, or focus state in addition to color; usage explorer","Labels, tooltip, and bar geometry can change on different timing paths, making the chart feel abrupt or briefly contradictory.","RISK","RISK","Commit control selection immediately; use 180 ms ease-in-out for bounded bar interpolation and 160 ms content transitions for numeric/text changes; keep chart controls interactive.","Update bar geometry without animation and retain a 120 ms opacity/color transition for labels and selection.","Change Cost to Tokens and client group before interpolation finishes; merge to the latest values without restarting from zero.","Axis, title, bars, tooltip, and selected-day value describe the same series on every settled frame; unpriced never animates through a fake zero. Persona-specific gate: shape, text, or focus state in addition to color.","PASS"
"S129","U129","Low-vision reviewer; usage explorer; large text and display zoom","mouse","standard","Usage measure, client group, and selected day — large text and display zoom","usage.ready -> setMeasure/group/day -> usage.ready(updated)","stable geometry and no clipped transition endpoints; usage explorer","Labels, tooltip, and bar geometry can change on different timing paths, making the chart feel abrupt or briefly contradictory.","FAIL","FAIL","Commit control selection immediately; use 180 ms ease-in-out for bounded bar interpolation and 160 ms content transitions for numeric/text changes; keep chart controls interactive.","Update bar geometry without animation and retain a 120 ms opacity/color transition for labels and selection.","Change Cost to Tokens and client group before interpolation finishes; merge to the latest values without restarting from zero.","Axis, title, bars, tooltip, and selected-day value describe the same series on every settled frame; unpriced never animates through a fake zero. Persona-specific gate: stable geometry and no clipped transition endpoints.","PASS"
"S130","U130","Limited-dexterity user; usage explorer; slow pointer and occasional repeated activation","mouse","standard","Usage measure, client group, and selected day — slow pointer and occasional repeated activation","usage.ready -> setMeasure/group/day -> usage.ready(updated)","comfortable hit targets and forgiving repeat input; usage explorer","Labels, tooltip, and bar geometry can change on different timing paths, making the chart feel abrupt or briefly contradictory.","RISK","RISK","Commit control selection immediately; use 180 ms ease-in-out for bounded bar interpolation and 160 ms content transitions for numeric/text changes; keep chart controls interactive.","Update bar geometry without animation and retain a 120 ms opacity/color transition for labels and selection.","Change Cost to Tokens and client group before interpolation finishes; merge to the latest values without restarting from zero.","Axis, title, bars, tooltip, and selected-day value describe the same series on every settled frame; unpriced never animates through a fake zero. Persona-specific gate: comfortable hit targets and forgiving repeat input.","PASS"
"S131","U131","Rapid-switching expert; usage explorer; issues a second action before the first animation settles","keyboard+mouse","standard","Usage measure, client group, and selected day — issues a second action before the first animation settles","usage.ready -> setMeasure/group/day -> usage.ready(updated)","retargeting with no queued or stale destination; usage explorer","Labels, tooltip, and bar geometry can change on different timing paths, making the chart feel abrupt or briefly contradictory.","FAIL","FAIL","Commit control selection immediately; use 180 ms ease-in-out for bounded bar interpolation and 160 ms content transitions for numeric/text changes; keep chart controls interactive.","Update bar geometry without animation and retain a 120 ms opacity/color transition for labels and selection.","Change Cost to Tokens and client group before interpolation finishes; merge to the latest values without restarting from zero.","Axis, title, bars, tooltip, and selected-day value describe the same series on every settled frame; unpriced never animates through a fake zero. Persona-specific gate: retargeting with no queued or stale destination.","PASS"
"S132","U132","Constrained-Mac user; usage explorer; fetch and rendering take about 800 ms","trackpad","standard","Usage measure, client group, and selected day — fetch and rendering take about 800 ms","usage.ready -> setMeasure/group/day -> usage.ready(updated)","stable placeholders and no flicker or frozen-looking blank area; usage explorer","Labels, tooltip, and bar geometry can change on different timing paths, making the chart feel abrupt or briefly contradictory.","FAIL","FAIL","Commit control selection immediately; use 180 ms ease-in-out for bounded bar interpolation and 160 ms content transitions for numeric/text changes; keep chart controls interactive.","Update bar geometry without animation and retain a 120 ms opacity/color transition for labels and selection.","Change Cost to Tokens and client group before interpolation finishes; merge to the latest values without restarting from zero.","Axis, title, bars, tooltip, and selected-day value describe the same series on every settled frame; unpriced never animates through a fake zero. Persona-specific gate: stable placeholders and no flicker or frozen-looking blank area.","PASS"
"S133","U133","Offline investigator; usage explorer; refresh and receipt fetch can fail","mouse","standard","Usage measure, client group, and selected day — refresh and receipt fetch can fail","usage.ready -> setMeasure/group/day -> usage.ready(updated)","nearby actionable error feedback that preserves context; usage explorer","Labels, tooltip, and bar geometry can change on different timing paths, making the chart feel abrupt or briefly contradictory.","RISK","RISK","Commit control selection immediately; use 180 ms ease-in-out for bounded bar interpolation and 160 ms content transitions for numeric/text changes; keep chart controls interactive.","Update bar geometry without animation and retain a 120 ms opacity/color transition for labels and selection.","Change Cost to Tokens and client group before interpolation finishes; merge to the latest values without restarting from zero.","Axis, title, bars, tooltip, and selected-day value describe the same series on every settled frame; unpriced never animates through a fake zero. Persona-specific gate: nearby actionable error feedback that preserves context.","PASS"
"S134","U134","Dense-store analyst; usage explorer; 200 loaded receipts and long evidence payloads","mouse","standard","Usage measure, client group, and selected day — 200 loaded receipts and long evidence payloads","usage.ready -> setMeasure/group/day -> usage.ready(updated)","bounded work and no large animated reflow; usage explorer","Labels, tooltip, and bar geometry can change on different timing paths, making the chart feel abrupt or briefly contradictory.","FAIL","FAIL","Commit control selection immediately; use 180 ms ease-in-out for bounded bar interpolation and 160 ms content transitions for numeric/text changes; keep chart controls interactive.","Update bar geometry without animation and retain a 120 ms opacity/color transition for labels and selection.","Change Cost to Tokens and client group before interpolation finishes; merge to the latest values without restarting from zero.","Axis, title, bars, tooltip, and selected-day value describe the same series on every settled frame; unpriced never animates through a fake zero. Persona-specific gate: bounded work and no large animated reflow.","PASS"
"S135","U135","Empty-store newcomer; usage explorer; no receipts or usage history yet","mouse","standard","Usage measure, client group, and selected day — no receipts or usage history yet","usage.ready -> setMeasure/group/day -> usage.ready(updated)","empty-state continuity without fake skeleton loops; usage explorer","Labels, tooltip, and bar geometry can change on different timing paths, making the chart feel abrupt or briefly contradictory.","RISK","RISK","Commit control selection immediately; use 180 ms ease-in-out for bounded bar interpolation and 160 ms content transitions for numeric/text changes; keep chart controls interactive.","Update bar geometry without animation and retain a 120 ms opacity/color transition for labels and selection.","Change Cost to Tokens and client group before interpolation finishes; merge to the latest values without restarting from zero.","Axis, title, bars, tooltip, and selected-day value describe the same series on every settled frame; unpriced never animates through a fake zero. Persona-specific gate: empty-state continuity without fake skeleton loops.","PASS"
"S136","U136","Dark-mode night user; usage explorer; dark appearance and low ambient light","trackpad","standard","Usage measure, client group, and selected day — dark appearance and low ambient light","usage.ready -> setMeasure/group/day -> usage.ready(updated)","no brightness flash or double-exposed crossfade; usage explorer","Labels, tooltip, and bar geometry can change on different timing paths, making the chart feel abrupt or briefly contradictory.","RISK","RISK","Commit control selection immediately; use 180 ms ease-in-out for bounded bar interpolation and 160 ms content transitions for numeric/text changes; keep chart controls interactive.","Update bar geometry without animation and retain a 120 ms opacity/color transition for labels and selection.","Change Cost to Tokens and client group before interpolation finishes; merge to the latest values without restarting from zero.","Axis, title, bars, tooltip, and selected-day value describe the same series on every settled frame; unpriced never animates through a fake zero. Persona-specific gate: no brightness flash or double-exposed crossfade.","PASS"
"S137","U137","Minimum-window user; usage explorer; 960 by 560 window","mouse","standard","Usage measure, client group, and selected day — 960 by 560 window","usage.ready -> setMeasure/group/day -> usage.ready(updated)","transitions that do not clip or shift the page header; usage explorer","Labels, tooltip, and bar geometry can change on different timing paths, making the chart feel abrupt or briefly contradictory.","RISK","RISK","Commit control selection immediately; use 180 ms ease-in-out for bounded bar interpolation and 160 ms content transitions for numeric/text changes; keep chart controls interactive.","Update bar geometry without animation and retain a 120 ms opacity/color transition for labels and selection.","Change Cost to Tokens and client group before interpolation finishes; merge to the latest values without restarting from zero.","Axis, title, bars, tooltip, and selected-day value describe the same series on every settled frame; unpriced never animates through a fake zero. Persona-specific gate: transitions that do not clip or shift the page header.","PASS"
"S138","U138","Ultrawide-window user; usage explorer; wide 5K display","mouse","standard","Usage measure, client group, and selected day — wide 5K display","usage.ready -> setMeasure/group/day -> usage.ready(updated)","motion localized to the affected region rather than the whole canvas; usage explorer","Labels, tooltip, and bar geometry can change on different timing paths, making the chart feel abrupt or briefly contradictory.","RISK","RISK","Commit control selection immediately; use 180 ms ease-in-out for bounded bar interpolation and 160 ms content transitions for numeric/text changes; keep chart controls interactive.","Update bar geometry without animation and retain a 120 ms opacity/color transition for labels and selection.","Change Cost to Tokens and client group before interpolation finishes; merge to the latest values without restarting from zero.","Axis, title, bars, tooltip, and selected-day value describe the same series on every settled frame; unpriced never animates through a fake zero. Persona-specific gate: motion localized to the affected region rather than the whole canvas.","PASS"
"S139","U139","Careful non-native-English reader; usage explorer; reads labels and status slowly","mouse","standard","Usage measure, client group, and selected day — reads labels and status slowly","usage.ready -> setMeasure/group/day -> usage.ready(updated)","specific persistent wording and no timed dismissal; usage explorer","Labels, tooltip, and bar geometry can change on different timing paths, making the chart feel abrupt or briefly contradictory.","RISK","RISK","Commit control selection immediately; use 180 ms ease-in-out for bounded bar interpolation and 160 ms content transitions for numeric/text changes; keep chart controls interactive.","Update bar geometry without animation and retain a 120 ms opacity/color transition for labels and selection.","Change Cost to Tokens and client group before interpolation finishes; merge to the latest values without restarting from zero.","Axis, title, bars, tooltip, and selected-day value describe the same series on every settled frame; unpriced never animates through a fake zero. Persona-specific gate: specific persistent wording and no timed dismissal.","PASS"
"S140","U140","Anxious failed-check reviewer; usage explorer; investigates blocked work and failed evidence","mouse","standard","Usage measure, client group, and selected day — investigates blocked work and failed evidence","usage.ready -> setMeasure/group/day -> usage.ready(updated)","calm, predictable transitions with errors never softened or hidden; usage explorer","Labels, tooltip, and bar geometry can change on different timing paths, making the chart feel abrupt or briefly contradictory.","RISK","RISK","Commit control selection immediately; use 180 ms ease-in-out for bounded bar interpolation and 160 ms content transitions for numeric/text changes; keep chart controls interactive.","Update bar geometry without animation and retain a 120 ms opacity/color transition for labels and selection.","Change Cost to Tokens and client group before interpolation finishes; merge to the latest values without restarting from zero.","Axis, title, bars, tooltip, and selected-day value describe the same series on every settled frame; unpriced never animates through a fake zero. Persona-specific gate: calm, predictable transitions with errors never softened or hidden.","PASS"
"S141","U141","First-day evaluator; data refresher; unfamiliar labels and no learned spatial map","mouse","standard","Refresh button through success or error — unfamiliar labels and no learned spatial map","pane.ready -> refresh -> pane.refreshing -> pane.ready|pane.error","clear cause-and-effect without surprise; data refresher","The refresh icon is replaced by a spinner and back with no connective state transition; fast work can flash and slow work can look detached from its trigger.","PASS","PASS","Acknowledge press in 100 ms; keep the control footprint fixed; crossfade icon/spinner in 120 ms only when work is perceptible; publish nearby freshness or error status.","Use the same color/opacity state feedback because it has no spatial motion.","Activate refresh repeatedly; coalesce while refreshing and never create parallel visual cycles.","No layout shift; one operation indicator; completion/error is visible near the affected surface; stale success cannot overwrite a newer error. Persona-specific gate: clear cause-and-effect without surprise.","PASS"
"S142","U142","Everyday developer; data refresher; repeats the workflow many times per day","trackpad","standard","Refresh button through success or error — repeats the workflow many times per day","pane.ready -> refresh -> pane.refreshing -> pane.ready|pane.error","speed with no decorative delay; data refresher","The refresh icon is replaced by a spinner and back with no connective state transition; fast work can flash and slow work can look detached from its trigger.","PASS","PASS","Acknowledge press in 100 ms; keep the control footprint fixed; crossfade icon/spinner in 120 ms only when work is perceptible; publish nearby freshness or error status.","Use the same color/opacity state feedback because it has no spatial motion.","Activate refresh repeatedly; coalesce while refreshing and never create parallel visual cycles.","No layout shift; one operation indicator; completion/error is visible near the affected surface; stale success cannot overwrite a newer error. Persona-specific gate: speed with no decorative delay.","PASS"
"S143","U143","Keyboard-first expert; data refresher; tabs and activates without hovering","keyboard","standard","Refresh button through success or error — tabs and activates without hovering","pane.ready -> refresh -> pane.refreshing -> pane.ready|pane.error","focus and selection feedback independent of pointer hover; data refresher","The refresh icon is replaced by a spinner and back with no connective state transition; fast work can flash and slow work can look detached from its trigger.","PASS","PASS","Acknowledge press in 100 ms; keep the control footprint fixed; crossfade icon/spinner in 120 ms only when work is perceptible; publish nearby freshness or error status.","Use the same color/opacity state feedback because it has no spatial motion.","Activate refresh repeatedly; coalesce while refreshing and never create parallel visual cycles.","No layout shift; one operation indicator; completion/error is visible near the affected surface; stale success cannot overwrite a newer error. Persona-specific gate: focus and selection feedback independent of pointer hover.","PASS"
"S144","U144","Trackpad power user; data refresher; moves quickly between dense targets","trackpad","standard","Refresh button through success or error — moves quickly between dense targets","pane.ready -> refresh -> pane.refreshing -> pane.ready|pane.error","immediate, interruptible response; data refresher","The refresh icon is replaced by a spinner and back with no connective state transition; fast work can flash and slow work can look detached from its trigger.","PASS","PASS","Acknowledge press in 100 ms; keep the control footprint fixed; crossfade icon/spinner in 120 ms only when work is perceptible; publish nearby freshness or error status.","Use the same color/opacity state feedback because it has no spatial motion.","Activate refresh repeatedly; coalesce while refreshing and never create parallel visual cycles.","No layout shift; one operation indicator; completion/error is visible near the affected surface; stale success cannot overwrite a newer error. Persona-specific gate: immediate, interruptible response.","PASS"
"S145","U145","Precision-mouse user; data refresher; expects desktop-native restraint","mouse","standard","Refresh button through success or error — expects desktop-native restraint","pane.ready -> refresh -> pane.refreshing -> pane.ready|pane.error","subtle highlight feedback rather than touch-like theatrics; data refresher","The refresh icon is replaced by a spinner and back with no connective state transition; fast work can flash and slow work can look detached from its trigger.","PASS","PASS","Acknowledge press in 100 ms; keep the control footprint fixed; crossfade icon/spinner in 120 ms only when work is perceptible; publish nearby freshness or error status.","Use the same color/opacity state feedback because it has no spatial motion.","Activate refresh repeatedly; coalesce while refreshing and never create parallel visual cycles.","No layout shift; one operation indicator; completion/error is visible near the affected surface; stale success cannot overwrite a newer error. Persona-specific gate: subtle highlight feedback rather than touch-like theatrics.","PASS"
"S146","U146","Motion-sensitive user; data refresher; macOS Reduce Motion enabled","mouse","reduce","Refresh button through success or error — macOS Reduce Motion enabled","pane.ready -> refresh -> pane.refreshing -> pane.ready|pane.error","no spatial travel, bounce, scaling, or auto-scroll; keep semantic fades; data refresher","The refresh icon is replaced by a spinner and back with no connective state transition; fast work can flash and slow work can look detached from its trigger.","RISK","RISK","Acknowledge press in 100 ms; keep the control footprint fixed; crossfade icon/spinner in 120 ms only when work is perceptible; publish nearby freshness or error status.","Use the same color/opacity state feedback because it has no spatial motion.","Activate refresh repeatedly; coalesce while refreshing and never create parallel visual cycles.","No layout shift; one operation indicator; completion/error is visible near the affected surface; stale success cannot overwrite a newer error. Persona-specific gate: no spatial travel, bounce, scaling, or auto-scroll; keep semantic fades.","PASS"
"S147","U147","VoiceOver reviewer; data refresher; navigates by accessible names and focus order","keyboard+VoiceOver","standard","Refresh button through success or error — navigates by accessible names and focus order","pane.ready -> refresh -> pane.refreshing -> pane.ready|pane.error","announced state and stable focus, not motion-only meaning; data refresher","The refresh icon is replaced by a spinner and back with no connective state transition; fast work can flash and slow work can look detached from its trigger.","RISK","RISK","Acknowledge press in 100 ms; keep the control footprint fixed; crossfade icon/spinner in 120 ms only when work is perceptible; publish nearby freshness or error status.","Use the same color/opacity state feedback because it has no spatial motion.","Activate refresh repeatedly; coalesce while refreshing and never create parallel visual cycles.","No layout shift; one operation indicator; completion/error is visible near the affected surface; stale success cannot overwrite a newer error. Persona-specific gate: announced state and stable focus, not motion-only meaning.","PASS"
"S148","U148","High-contrast user; data refresher; Increase Contrast and Differentiate Without Color","mouse","standard","Refresh button through success or error — Increase Contrast and Differentiate Without Color","pane.ready -> refresh -> pane.refreshing -> pane.ready|pane.error","shape, text, or focus state in addition to color; data refresher","The refresh icon is replaced by a spinner and back with no connective state transition; fast work can flash and slow work can look detached from its trigger.","PASS","PASS","Acknowledge press in 100 ms; keep the control footprint fixed; crossfade icon/spinner in 120 ms only when work is perceptible; publish nearby freshness or error status.","Use the same color/opacity state feedback because it has no spatial motion.","Activate refresh repeatedly; coalesce while refreshing and never create parallel visual cycles.","No layout shift; one operation indicator; completion/error is visible near the affected surface; stale success cannot overwrite a newer error. Persona-specific gate: shape, text, or focus state in addition to color.","PASS"
"S149","U149","Low-vision reviewer; data refresher; large text and display zoom","mouse","standard","Refresh button through success or error — large text and display zoom","pane.ready -> refresh -> pane.refreshing -> pane.ready|pane.error","stable geometry and no clipped transition endpoints; data refresher","The refresh icon is replaced by a spinner and back with no connective state transition; fast work can flash and slow work can look detached from its trigger.","PASS","PASS","Acknowledge press in 100 ms; keep the control footprint fixed; crossfade icon/spinner in 120 ms only when work is perceptible; publish nearby freshness or error status.","Use the same color/opacity state feedback because it has no spatial motion.","Activate refresh repeatedly; coalesce while refreshing and never create parallel visual cycles.","No layout shift; one operation indicator; completion/error is visible near the affected surface; stale success cannot overwrite a newer error. Persona-specific gate: stable geometry and no clipped transition endpoints.","PASS"
"S150","U150","Limited-dexterity user; data refresher; slow pointer and occasional repeated activation","mouse","standard","Refresh button through success or error — slow pointer and occasional repeated activation","pane.ready -> refresh -> pane.refreshing -> pane.ready|pane.error","comfortable hit targets and forgiving repeat input; data refresher","The refresh icon is replaced by a spinner and back with no connective state transition; fast work can flash and slow work can look detached from its trigger.","PASS","PASS","Acknowledge press in 100 ms; keep the control footprint fixed; crossfade icon/spinner in 120 ms only when work is perceptible; publish nearby freshness or error status.","Use the same color/opacity state feedback because it has no spatial motion.","Activate refresh repeatedly; coalesce while refreshing and never create parallel visual cycles.","No layout shift; one operation indicator; completion/error is visible near the affected surface; stale success cannot overwrite a newer error. Persona-specific gate: comfortable hit targets and forgiving repeat input.","PASS"
"S151","U151","Rapid-switching expert; data refresher; issues a second action before the first animation settles","keyboard+mouse","standard","Refresh button through success or error — issues a second action before the first animation settles","pane.ready -> refresh -> pane.refreshing -> pane.ready|pane.error","retargeting with no queued or stale destination; data refresher","The refresh icon is replaced by a spinner and back with no connective state transition; fast work can flash and slow work can look detached from its trigger.","RISK","RISK","Acknowledge press in 100 ms; keep the control footprint fixed; crossfade icon/spinner in 120 ms only when work is perceptible; publish nearby freshness or error status.","Use the same color/opacity state feedback because it has no spatial motion.","Activate refresh repeatedly; coalesce while refreshing and never create parallel visual cycles.","No layout shift; one operation indicator; completion/error is visible near the affected surface; stale success cannot overwrite a newer error. Persona-specific gate: retargeting with no queued or stale destination.","PASS"
"S152","U152","Constrained-Mac user; data refresher; fetch and rendering take about 800 ms","trackpad","standard","Refresh button through success or error — fetch and rendering take about 800 ms","pane.ready -> refresh -> pane.refreshing -> pane.ready|pane.error","stable placeholders and no flicker or frozen-looking blank area; data refresher","The refresh icon is replaced by a spinner and back with no connective state transition; fast work can flash and slow work can look detached from its trigger.","RISK","RISK","Acknowledge press in 100 ms; keep the control footprint fixed; crossfade icon/spinner in 120 ms only when work is perceptible; publish nearby freshness or error status.","Use the same color/opacity state feedback because it has no spatial motion.","Activate refresh repeatedly; coalesce while refreshing and never create parallel visual cycles.","No layout shift; one operation indicator; completion/error is visible near the affected surface; stale success cannot overwrite a newer error. Persona-specific gate: stable placeholders and no flicker or frozen-looking blank area.","PASS"
"S153","U153","Offline investigator; data refresher; refresh and receipt fetch can fail","mouse","standard","Refresh button through success or error — refresh and receipt fetch can fail","pane.ready -> refresh -> pane.refreshing -> pane.ready|pane.error","nearby actionable error feedback that preserves context; data refresher","The refresh icon is replaced by a spinner and back with no connective state transition; fast work can flash and slow work can look detached from its trigger.","RISK","RISK","Acknowledge press in 100 ms; keep the control footprint fixed; crossfade icon/spinner in 120 ms only when work is perceptible; publish nearby freshness or error status.","Use the same color/opacity state feedback because it has no spatial motion.","Activate refresh repeatedly; coalesce while refreshing and never create parallel visual cycles.","No layout shift; one operation indicator; completion/error is visible near the affected surface; stale success cannot overwrite a newer error. Persona-specific gate: nearby actionable error feedback that preserves context.","PASS"
"S154","U154","Dense-store analyst; data refresher; 200 loaded receipts and long evidence payloads","mouse","standard","Refresh button through success or error — 200 loaded receipts and long evidence payloads","pane.ready -> refresh -> pane.refreshing -> pane.ready|pane.error","bounded work and no large animated reflow; data refresher","The refresh icon is replaced by a spinner and back with no connective state transition; fast work can flash and slow work can look detached from its trigger.","PASS","PASS","Acknowledge press in 100 ms; keep the control footprint fixed; crossfade icon/spinner in 120 ms only when work is perceptible; publish nearby freshness or error status.","Use the same color/opacity state feedback because it has no spatial motion.","Activate refresh repeatedly; coalesce while refreshing and never create parallel visual cycles.","No layout shift; one operation indicator; completion/error is visible near the affected surface; stale success cannot overwrite a newer error. Persona-specific gate: bounded work and no large animated reflow.","PASS"
"S155","U155","Empty-store newcomer; data refresher; no receipts or usage history yet","mouse","standard","Refresh button through success or error — no receipts or usage history yet","pane.ready -> refresh -> pane.refreshing -> pane.ready|pane.error","empty-state continuity without fake skeleton loops; data refresher","The refresh icon is replaced by a spinner and back with no connective state transition; fast work can flash and slow work can look detached from its trigger.","PASS","PASS","Acknowledge press in 100 ms; keep the control footprint fixed; crossfade icon/spinner in 120 ms only when work is perceptible; publish nearby freshness or error status.","Use the same color/opacity state feedback because it has no spatial motion.","Activate refresh repeatedly; coalesce while refreshing and never create parallel visual cycles.","No layout shift; one operation indicator; completion/error is visible near the affected surface; stale success cannot overwrite a newer error. Persona-specific gate: empty-state continuity without fake skeleton loops.","PASS"
"S156","U156","Dark-mode night user; data refresher; dark appearance and low ambient light","trackpad","standard","Refresh button through success or error — dark appearance and low ambient light","pane.ready -> refresh -> pane.refreshing -> pane.ready|pane.error","no brightness flash or double-exposed crossfade; data refresher","The refresh icon is replaced by a spinner and back with no connective state transition; fast work can flash and slow work can look detached from its trigger.","PASS","PASS","Acknowledge press in 100 ms; keep the control footprint fixed; crossfade icon/spinner in 120 ms only when work is perceptible; publish nearby freshness or error status.","Use the same color/opacity state feedback because it has no spatial motion.","Activate refresh repeatedly; coalesce while refreshing and never create parallel visual cycles.","No layout shift; one operation indicator; completion/error is visible near the affected surface; stale success cannot overwrite a newer error. Persona-specific gate: no brightness flash or double-exposed crossfade.","PASS"
"S157","U157","Minimum-window user; data refresher; 960 by 560 window","mouse","standard","Refresh button through success or error — 960 by 560 window","pane.ready -> refresh -> pane.refreshing -> pane.ready|pane.error","transitions that do not clip or shift the page header; data refresher","The refresh icon is replaced by a spinner and back with no connective state transition; fast work can flash and slow work can look detached from its trigger.","PASS","PASS","Acknowledge press in 100 ms; keep the control footprint fixed; crossfade icon/spinner in 120 ms only when work is perceptible; publish nearby freshness or error status.","Use the same color/opacity state feedback because it has no spatial motion.","Activate refresh repeatedly; coalesce while refreshing and never create parallel visual cycles.","No layout shift; one operation indicator; completion/error is visible near the affected surface; stale success cannot overwrite a newer error. Persona-specific gate: transitions that do not clip or shift the page header.","PASS"
"S158","U158","Ultrawide-window user; data refresher; wide 5K display","mouse","standard","Refresh button through success or error — wide 5K display","pane.ready -> refresh -> pane.refreshing -> pane.ready|pane.error","motion localized to the affected region rather than the whole canvas; data refresher","The refresh icon is replaced by a spinner and back with no connective state transition; fast work can flash and slow work can look detached from its trigger.","PASS","PASS","Acknowledge press in 100 ms; keep the control footprint fixed; crossfade icon/spinner in 120 ms only when work is perceptible; publish nearby freshness or error status.","Use the same color/opacity state feedback because it has no spatial motion.","Activate refresh repeatedly; coalesce while refreshing and never create parallel visual cycles.","No layout shift; one operation indicator; completion/error is visible near the affected surface; stale success cannot overwrite a newer error. Persona-specific gate: motion localized to the affected region rather than the whole canvas.","PASS"
"S159","U159","Careful non-native-English reader; data refresher; reads labels and status slowly","mouse","standard","Refresh button through success or error — reads labels and status slowly","pane.ready -> refresh -> pane.refreshing -> pane.ready|pane.error","specific persistent wording and no timed dismissal; data refresher","The refresh icon is replaced by a spinner and back with no connective state transition; fast work can flash and slow work can look detached from its trigger.","RISK","RISK","Acknowledge press in 100 ms; keep the control footprint fixed; crossfade icon/spinner in 120 ms only when work is perceptible; publish nearby freshness or error status.","Use the same color/opacity state feedback because it has no spatial motion.","Activate refresh repeatedly; coalesce while refreshing and never create parallel visual cycles.","No layout shift; one operation indicator; completion/error is visible near the affected surface; stale success cannot overwrite a newer error. Persona-specific gate: specific persistent wording and no timed dismissal.","PASS"
"S160","U160","Anxious failed-check reviewer; data refresher; investigates blocked work and failed evidence","mouse","standard","Refresh button through success or error — investigates blocked work and failed evidence","pane.ready -> refresh -> pane.refreshing -> pane.ready|pane.error","calm, predictable transitions with errors never softened or hidden; data refresher","The refresh icon is replaced by a spinner and back with no connective state transition; fast work can flash and slow work can look detached from its trigger.","RISK","RISK","Acknowledge press in 100 ms; keep the control footprint fixed; crossfade icon/spinner in 120 ms only when work is perceptible; publish nearby freshness or error status.","Use the same color/opacity state feedback because it has no spatial motion.","Activate refresh repeatedly; coalesce while refreshing and never create parallel visual cycles.","No layout shift; one operation indicator; completion/error is visible near the affected surface; stale success cannot overwrite a newer error. Persona-specific gate: calm, predictable transitions with errors never softened or hidden.","PASS"
"S161","U161","First-day evaluator; evidence expander; unfamiliar labels and no learned spatial map","mouse","standard","Expand and collapse step, session, or check — unfamiliar labels and no learned spatial map","work.detail.ready.collapsed -> toggle -> expanded -> toggle -> collapsed","clear cause-and-effect without surprise; evidence expander","Multiple disclosures animate layout with 160 ms ease-out and ignore Reduce Motion, so large bodies can launch abruptly or reflow excessively.","PASS","PASS","Use one 180 ms ease-in-out disclosure token; rotate one chevron and reveal content with scoped opacity/clip behavior; cap animation work to the opened body.","Change height immediately and use a 120 ms opacity/highlight fade; never auto-scroll.","Toggle repeatedly before completion; merge toward the latest expanded state without duplicated bodies.","One disclosure state exists; accessibility label matches it; focus stays on the trigger; dense payloads remain responsive. Persona-specific gate: clear cause-and-effect without surprise.","PASS"
"S162","U162","Everyday developer; evidence expander; repeats the workflow many times per day","trackpad","standard","Expand and collapse step, session, or check — repeats the workflow many times per day","work.detail.ready.collapsed -> toggle -> expanded -> toggle -> collapsed","speed with no decorative delay; evidence expander","Multiple disclosures animate layout with 160 ms ease-out and ignore Reduce Motion, so large bodies can launch abruptly or reflow excessively.","PASS","PASS","Use one 180 ms ease-in-out disclosure token; rotate one chevron and reveal content with scoped opacity/clip behavior; cap animation work to the opened body.","Change height immediately and use a 120 ms opacity/highlight fade; never auto-scroll.","Toggle repeatedly before completion; merge toward the latest expanded state without duplicated bodies.","One disclosure state exists; accessibility label matches it; focus stays on the trigger; dense payloads remain responsive. Persona-specific gate: speed with no decorative delay.","PASS"
"S163","U163","Keyboard-first expert; evidence expander; tabs and activates without hovering","keyboard","standard","Expand and collapse step, session, or check — tabs and activates without hovering","work.detail.ready.collapsed -> toggle -> expanded -> toggle -> collapsed","focus and selection feedback independent of pointer hover; evidence expander","Multiple disclosures animate layout with 160 ms ease-out and ignore Reduce Motion, so large bodies can launch abruptly or reflow excessively.","PASS","PASS","Use one 180 ms ease-in-out disclosure token; rotate one chevron and reveal content with scoped opacity/clip behavior; cap animation work to the opened body.","Change height immediately and use a 120 ms opacity/highlight fade; never auto-scroll.","Toggle repeatedly before completion; merge toward the latest expanded state without duplicated bodies.","One disclosure state exists; accessibility label matches it; focus stays on the trigger; dense payloads remain responsive. Persona-specific gate: focus and selection feedback independent of pointer hover.","PASS"
"S164","U164","Trackpad power user; evidence expander; moves quickly between dense targets","trackpad","standard","Expand and collapse step, session, or check — moves quickly between dense targets","work.detail.ready.collapsed -> toggle -> expanded -> toggle -> collapsed","immediate, interruptible response; evidence expander","Multiple disclosures animate layout with 160 ms ease-out and ignore Reduce Motion, so large bodies can launch abruptly or reflow excessively.","PASS","PASS","Use one 180 ms ease-in-out disclosure token; rotate one chevron and reveal content with scoped opacity/clip behavior; cap animation work to the opened body.","Change height immediately and use a 120 ms opacity/highlight fade; never auto-scroll.","Toggle repeatedly before completion; merge toward the latest expanded state without duplicated bodies.","One disclosure state exists; accessibility label matches it; focus stays on the trigger; dense payloads remain responsive. Persona-specific gate: immediate, interruptible response.","PASS"
"S165","U165","Precision-mouse user; evidence expander; expects desktop-native restraint","mouse","standard","Expand and collapse step, session, or check — expects desktop-native restraint","work.detail.ready.collapsed -> toggle -> expanded -> toggle -> collapsed","subtle highlight feedback rather than touch-like theatrics; evidence expander","Multiple disclosures animate layout with 160 ms ease-out and ignore Reduce Motion, so large bodies can launch abruptly or reflow excessively.","PASS","PASS","Use one 180 ms ease-in-out disclosure token; rotate one chevron and reveal content with scoped opacity/clip behavior; cap animation work to the opened body.","Change height immediately and use a 120 ms opacity/highlight fade; never auto-scroll.","Toggle repeatedly before completion; merge toward the latest expanded state without duplicated bodies.","One disclosure state exists; accessibility label matches it; focus stays on the trigger; dense payloads remain responsive. Persona-specific gate: subtle highlight feedback rather than touch-like theatrics.","PASS"
"S166","U166","Motion-sensitive user; evidence expander; macOS Reduce Motion enabled","mouse","reduce","Expand and collapse step, session, or check — macOS Reduce Motion enabled","work.detail.ready.collapsed -> toggle -> expanded -> toggle -> collapsed","no spatial travel, bounce, scaling, or auto-scroll; keep semantic fades; evidence expander","Multiple disclosures animate layout with 160 ms ease-out and ignore Reduce Motion, so large bodies can launch abruptly or reflow excessively.","FAIL","FAIL","Use one 180 ms ease-in-out disclosure token; rotate one chevron and reveal content with scoped opacity/clip behavior; cap animation work to the opened body.","Change height immediately and use a 120 ms opacity/highlight fade; never auto-scroll.","Toggle repeatedly before completion; merge toward the latest expanded state without duplicated bodies.","One disclosure state exists; accessibility label matches it; focus stays on the trigger; dense payloads remain responsive. Persona-specific gate: no spatial travel, bounce, scaling, or auto-scroll; keep semantic fades.","PASS"
"S167","U167","VoiceOver reviewer; evidence expander; navigates by accessible names and focus order","keyboard+VoiceOver","standard","Expand and collapse step, session, or check — navigates by accessible names and focus order","work.detail.ready.collapsed -> toggle -> expanded -> toggle -> collapsed","announced state and stable focus, not motion-only meaning; evidence expander","Multiple disclosures animate layout with 160 ms ease-out and ignore Reduce Motion, so large bodies can launch abruptly or reflow excessively.","PASS","PASS","Use one 180 ms ease-in-out disclosure token; rotate one chevron and reveal content with scoped opacity/clip behavior; cap animation work to the opened body.","Change height immediately and use a 120 ms opacity/highlight fade; never auto-scroll.","Toggle repeatedly before completion; merge toward the latest expanded state without duplicated bodies.","One disclosure state exists; accessibility label matches it; focus stays on the trigger; dense payloads remain responsive. Persona-specific gate: announced state and stable focus, not motion-only meaning.","PASS"
"S168","U168","High-contrast user; evidence expander; Increase Contrast and Differentiate Without Color","mouse","standard","Expand and collapse step, session, or check — Increase Contrast and Differentiate Without Color","work.detail.ready.collapsed -> toggle -> expanded -> toggle -> collapsed","shape, text, or focus state in addition to color; evidence expander","Multiple disclosures animate layout with 160 ms ease-out and ignore Reduce Motion, so large bodies can launch abruptly or reflow excessively.","PASS","PASS","Use one 180 ms ease-in-out disclosure token; rotate one chevron and reveal content with scoped opacity/clip behavior; cap animation work to the opened body.","Change height immediately and use a 120 ms opacity/highlight fade; never auto-scroll.","Toggle repeatedly before completion; merge toward the latest expanded state without duplicated bodies.","One disclosure state exists; accessibility label matches it; focus stays on the trigger; dense payloads remain responsive. Persona-specific gate: shape, text, or focus state in addition to color.","PASS"
"S169","U169","Low-vision reviewer; evidence expander; large text and display zoom","mouse","standard","Expand and collapse step, session, or check — large text and display zoom","work.detail.ready.collapsed -> toggle -> expanded -> toggle -> collapsed","stable geometry and no clipped transition endpoints; evidence expander","Multiple disclosures animate layout with 160 ms ease-out and ignore Reduce Motion, so large bodies can launch abruptly or reflow excessively.","RISK","RISK","Use one 180 ms ease-in-out disclosure token; rotate one chevron and reveal content with scoped opacity/clip behavior; cap animation work to the opened body.","Change height immediately and use a 120 ms opacity/highlight fade; never auto-scroll.","Toggle repeatedly before completion; merge toward the latest expanded state without duplicated bodies.","One disclosure state exists; accessibility label matches it; focus stays on the trigger; dense payloads remain responsive. Persona-specific gate: stable geometry and no clipped transition endpoints.","PASS"
"S170","U170","Limited-dexterity user; evidence expander; slow pointer and occasional repeated activation","mouse","standard","Expand and collapse step, session, or check — slow pointer and occasional repeated activation","work.detail.ready.collapsed -> toggle -> expanded -> toggle -> collapsed","comfortable hit targets and forgiving repeat input; evidence expander","Multiple disclosures animate layout with 160 ms ease-out and ignore Reduce Motion, so large bodies can launch abruptly or reflow excessively.","PASS","PASS","Use one 180 ms ease-in-out disclosure token; rotate one chevron and reveal content with scoped opacity/clip behavior; cap animation work to the opened body.","Change height immediately and use a 120 ms opacity/highlight fade; never auto-scroll.","Toggle repeatedly before completion; merge toward the latest expanded state without duplicated bodies.","One disclosure state exists; accessibility label matches it; focus stays on the trigger; dense payloads remain responsive. Persona-specific gate: comfortable hit targets and forgiving repeat input.","PASS"
"S171","U171","Rapid-switching expert; evidence expander; issues a second action before the first animation settles","keyboard+mouse","standard","Expand and collapse step, session, or check — issues a second action before the first animation settles","work.detail.ready.collapsed -> toggle -> expanded -> toggle -> collapsed","retargeting with no queued or stale destination; evidence expander","Multiple disclosures animate layout with 160 ms ease-out and ignore Reduce Motion, so large bodies can launch abruptly or reflow excessively.","RISK","RISK","Use one 180 ms ease-in-out disclosure token; rotate one chevron and reveal content with scoped opacity/clip behavior; cap animation work to the opened body.","Change height immediately and use a 120 ms opacity/highlight fade; never auto-scroll.","Toggle repeatedly before completion; merge toward the latest expanded state without duplicated bodies.","One disclosure state exists; accessibility label matches it; focus stays on the trigger; dense payloads remain responsive. Persona-specific gate: retargeting with no queued or stale destination.","PASS"
"S172","U172","Constrained-Mac user; evidence expander; fetch and rendering take about 800 ms","trackpad","standard","Expand and collapse step, session, or check — fetch and rendering take about 800 ms","work.detail.ready.collapsed -> toggle -> expanded -> toggle -> collapsed","stable placeholders and no flicker or frozen-looking blank area; evidence expander","Multiple disclosures animate layout with 160 ms ease-out and ignore Reduce Motion, so large bodies can launch abruptly or reflow excessively.","RISK","RISK","Use one 180 ms ease-in-out disclosure token; rotate one chevron and reveal content with scoped opacity/clip behavior; cap animation work to the opened body.","Change height immediately and use a 120 ms opacity/highlight fade; never auto-scroll.","Toggle repeatedly before completion; merge toward the latest expanded state without duplicated bodies.","One disclosure state exists; accessibility label matches it; focus stays on the trigger; dense payloads remain responsive. Persona-specific gate: stable placeholders and no flicker or frozen-looking blank area.","PASS"
"S173","U173","Offline investigator; evidence expander; refresh and receipt fetch can fail","mouse","standard","Expand and collapse step, session, or check — refresh and receipt fetch can fail","work.detail.ready.collapsed -> toggle -> expanded -> toggle -> collapsed","nearby actionable error feedback that preserves context; evidence expander","Multiple disclosures animate layout with 160 ms ease-out and ignore Reduce Motion, so large bodies can launch abruptly or reflow excessively.","PASS","PASS","Use one 180 ms ease-in-out disclosure token; rotate one chevron and reveal content with scoped opacity/clip behavior; cap animation work to the opened body.","Change height immediately and use a 120 ms opacity/highlight fade; never auto-scroll.","Toggle repeatedly before completion; merge toward the latest expanded state without duplicated bodies.","One disclosure state exists; accessibility label matches it; focus stays on the trigger; dense payloads remain responsive. Persona-specific gate: nearby actionable error feedback that preserves context.","PASS"
"S174","U174","Dense-store analyst; evidence expander; 200 loaded receipts and long evidence payloads","mouse","standard","Expand and collapse step, session, or check — 200 loaded receipts and long evidence payloads","work.detail.ready.collapsed -> toggle -> expanded -> toggle -> collapsed","bounded work and no large animated reflow; evidence expander","Multiple disclosures animate layout with 160 ms ease-out and ignore Reduce Motion, so large bodies can launch abruptly or reflow excessively.","RISK","RISK","Use one 180 ms ease-in-out disclosure token; rotate one chevron and reveal content with scoped opacity/clip behavior; cap animation work to the opened body.","Change height immediately and use a 120 ms opacity/highlight fade; never auto-scroll.","Toggle repeatedly before completion; merge toward the latest expanded state without duplicated bodies.","One disclosure state exists; accessibility label matches it; focus stays on the trigger; dense payloads remain responsive. Persona-specific gate: bounded work and no large animated reflow.","PASS"
"S175","U175","Empty-store newcomer; evidence expander; no receipts or usage history yet","mouse","standard","Expand and collapse step, session, or check — no receipts or usage history yet","work.detail.ready.collapsed -> toggle -> expanded -> toggle -> collapsed","empty-state continuity without fake skeleton loops; evidence expander","Multiple disclosures animate layout with 160 ms ease-out and ignore Reduce Motion, so large bodies can launch abruptly or reflow excessively.","PASS","PASS","Use one 180 ms ease-in-out disclosure token; rotate one chevron and reveal content with scoped opacity/clip behavior; cap animation work to the opened body.","Change height immediately and use a 120 ms opacity/highlight fade; never auto-scroll.","Toggle repeatedly before completion; merge toward the latest expanded state without duplicated bodies.","One disclosure state exists; accessibility label matches it; focus stays on the trigger; dense payloads remain responsive. Persona-specific gate: empty-state continuity without fake skeleton loops.","PASS"
"S176","U176","Dark-mode night user; evidence expander; dark appearance and low ambient light","trackpad","standard","Expand and collapse step, session, or check — dark appearance and low ambient light","work.detail.ready.collapsed -> toggle -> expanded -> toggle -> collapsed","no brightness flash or double-exposed crossfade; evidence expander","Multiple disclosures animate layout with 160 ms ease-out and ignore Reduce Motion, so large bodies can launch abruptly or reflow excessively.","PASS","PASS","Use one 180 ms ease-in-out disclosure token; rotate one chevron and reveal content with scoped opacity/clip behavior; cap animation work to the opened body.","Change height immediately and use a 120 ms opacity/highlight fade; never auto-scroll.","Toggle repeatedly before completion; merge toward the latest expanded state without duplicated bodies.","One disclosure state exists; accessibility label matches it; focus stays on the trigger; dense payloads remain responsive. Persona-specific gate: no brightness flash or double-exposed crossfade.","PASS"
"S177","U177","Minimum-window user; evidence expander; 960 by 560 window","mouse","standard","Expand and collapse step, session, or check — 960 by 560 window","work.detail.ready.collapsed -> toggle -> expanded -> toggle -> collapsed","transitions that do not clip or shift the page header; evidence expander","Multiple disclosures animate layout with 160 ms ease-out and ignore Reduce Motion, so large bodies can launch abruptly or reflow excessively.","PASS","PASS","Use one 180 ms ease-in-out disclosure token; rotate one chevron and reveal content with scoped opacity/clip behavior; cap animation work to the opened body.","Change height immediately and use a 120 ms opacity/highlight fade; never auto-scroll.","Toggle repeatedly before completion; merge toward the latest expanded state without duplicated bodies.","One disclosure state exists; accessibility label matches it; focus stays on the trigger; dense payloads remain responsive. Persona-specific gate: transitions that do not clip or shift the page header.","PASS"
"S178","U178","Ultrawide-window user; evidence expander; wide 5K display","mouse","standard","Expand and collapse step, session, or check — wide 5K display","work.detail.ready.collapsed -> toggle -> expanded -> toggle -> collapsed","motion localized to the affected region rather than the whole canvas; evidence expander","Multiple disclosures animate layout with 160 ms ease-out and ignore Reduce Motion, so large bodies can launch abruptly or reflow excessively.","PASS","PASS","Use one 180 ms ease-in-out disclosure token; rotate one chevron and reveal content with scoped opacity/clip behavior; cap animation work to the opened body.","Change height immediately and use a 120 ms opacity/highlight fade; never auto-scroll.","Toggle repeatedly before completion; merge toward the latest expanded state without duplicated bodies.","One disclosure state exists; accessibility label matches it; focus stays on the trigger; dense payloads remain responsive. Persona-specific gate: motion localized to the affected region rather than the whole canvas.","PASS"
"S179","U179","Careful non-native-English reader; evidence expander; reads labels and status slowly","mouse","standard","Expand and collapse step, session, or check — reads labels and status slowly","work.detail.ready.collapsed -> toggle -> expanded -> toggle -> collapsed","specific persistent wording and no timed dismissal; evidence expander","Multiple disclosures animate layout with 160 ms ease-out and ignore Reduce Motion, so large bodies can launch abruptly or reflow excessively.","PASS","PASS","Use one 180 ms ease-in-out disclosure token; rotate one chevron and reveal content with scoped opacity/clip behavior; cap animation work to the opened body.","Change height immediately and use a 120 ms opacity/highlight fade; never auto-scroll.","Toggle repeatedly before completion; merge toward the latest expanded state without duplicated bodies.","One disclosure state exists; accessibility label matches it; focus stays on the trigger; dense payloads remain responsive. Persona-specific gate: specific persistent wording and no timed dismissal.","PASS"
"S180","U180","Anxious failed-check reviewer; evidence expander; investigates blocked work and failed evidence","mouse","standard","Expand and collapse step, session, or check — investigates blocked work and failed evidence","work.detail.ready.collapsed -> toggle -> expanded -> toggle -> collapsed","calm, predictable transitions with errors never softened or hidden; evidence expander","Multiple disclosures animate layout with 160 ms ease-out and ignore Reduce Motion, so large bodies can launch abruptly or reflow excessively.","PASS","PASS","Use one 180 ms ease-in-out disclosure token; rotate one chevron and reveal content with scoped opacity/clip behavior; cap animation work to the opened body.","Change height immediately and use a 120 ms opacity/highlight fade; never auto-scroll.","Toggle repeatedly before completion; merge toward the latest expanded state without duplicated bodies.","One disclosure state exists; accessibility label matches it; focus stays on the trigger; dense payloads remain responsive. Persona-specific gate: calm, predictable transitions with errors never softened or hidden.","PASS"
"S181","U181","First-day evaluator; setup completer; unfamiliar labels and no learned spatial map","mouse","standard","Setup idle through working and completion/error — unfamiliar labels and no learned spatial map","setup.idle -> start -> setup.working -> setup.done|setup.failed","clear cause-and-effect without surprise; setup completer","Footer phases replace one another abruptly and log appends use a bare animated scroll that ignores Reduce Motion.","PASS","PASS","Keep the sheet frame stable; crossfade phase-specific footer/status in 180 ms ease-out; use the shared token for log following and a restrained non-bouncy completion acknowledgement.","Crossfade status in 120 ms and scroll the log without animation.","Close, retry, or receive failure during a prior phase; only legal state transitions render and no old completion appears.","Primary action is acknowledged immediately; working, done, and failed are explicit; error text persists; sheet geometry and focus order stay stable. Persona-specific gate: clear cause-and-effect without surprise.","PASS"
"S182","U182","Everyday developer; setup completer; repeats the workflow many times per day","trackpad","standard","Setup idle through working and completion/error — repeats the workflow many times per day","setup.idle -> start -> setup.working -> setup.done|setup.failed","speed with no decorative delay; setup completer","Footer phases replace one another abruptly and log appends use a bare animated scroll that ignores Reduce Motion.","PASS","PASS","Keep the sheet frame stable; crossfade phase-specific footer/status in 180 ms ease-out; use the shared token for log following and a restrained non-bouncy completion acknowledgement.","Crossfade status in 120 ms and scroll the log without animation.","Close, retry, or receive failure during a prior phase; only legal state transitions render and no old completion appears.","Primary action is acknowledged immediately; working, done, and failed are explicit; error text persists; sheet geometry and focus order stay stable. Persona-specific gate: speed with no decorative delay.","PASS"
"S183","U183","Keyboard-first expert; setup completer; tabs and activates without hovering","keyboard","standard","Setup idle through working and completion/error — tabs and activates without hovering","setup.idle -> start -> setup.working -> setup.done|setup.failed","focus and selection feedback independent of pointer hover; setup completer","Footer phases replace one another abruptly and log appends use a bare animated scroll that ignores Reduce Motion.","PASS","PASS","Keep the sheet frame stable; crossfade phase-specific footer/status in 180 ms ease-out; use the shared token for log following and a restrained non-bouncy completion acknowledgement.","Crossfade status in 120 ms and scroll the log without animation.","Close, retry, or receive failure during a prior phase; only legal state transitions render and no old completion appears.","Primary action is acknowledged immediately; working, done, and failed are explicit; error text persists; sheet geometry and focus order stay stable. Persona-specific gate: focus and selection feedback independent of pointer hover.","PASS"
"S184","U184","Trackpad power user; setup completer; moves quickly between dense targets","trackpad","standard","Setup idle through working and completion/error — moves quickly between dense targets","setup.idle -> start -> setup.working -> setup.done|setup.failed","immediate, interruptible response; setup completer","Footer phases replace one another abruptly and log appends use a bare animated scroll that ignores Reduce Motion.","PASS","PASS","Keep the sheet frame stable; crossfade phase-specific footer/status in 180 ms ease-out; use the shared token for log following and a restrained non-bouncy completion acknowledgement.","Crossfade status in 120 ms and scroll the log without animation.","Close, retry, or receive failure during a prior phase; only legal state transitions render and no old completion appears.","Primary action is acknowledged immediately; working, done, and failed are explicit; error text persists; sheet geometry and focus order stay stable. Persona-specific gate: immediate, interruptible response.","PASS"
"S185","U185","Precision-mouse user; setup completer; expects desktop-native restraint","mouse","standard","Setup idle through working and completion/error — expects desktop-native restraint","setup.idle -> start -> setup.working -> setup.done|setup.failed","subtle highlight feedback rather than touch-like theatrics; setup completer","Footer phases replace one another abruptly and log appends use a bare animated scroll that ignores Reduce Motion.","PASS","PASS","Keep the sheet frame stable; crossfade phase-specific footer/status in 180 ms ease-out; use the shared token for log following and a restrained non-bouncy completion acknowledgement.","Crossfade status in 120 ms and scroll the log without animation.","Close, retry, or receive failure during a prior phase; only legal state transitions render and no old completion appears.","Primary action is acknowledged immediately; working, done, and failed are explicit; error text persists; sheet geometry and focus order stay stable. Persona-specific gate: subtle highlight feedback rather than touch-like theatrics.","PASS"
"S186","U186","Motion-sensitive user; setup completer; macOS Reduce Motion enabled","mouse","reduce","Setup idle through working and completion/error — macOS Reduce Motion enabled","setup.idle -> start -> setup.working -> setup.done|setup.failed","no spatial travel, bounce, scaling, or auto-scroll; keep semantic fades; setup completer","Footer phases replace one another abruptly and log appends use a bare animated scroll that ignores Reduce Motion.","FAIL","FAIL","Keep the sheet frame stable; crossfade phase-specific footer/status in 180 ms ease-out; use the shared token for log following and a restrained non-bouncy completion acknowledgement.","Crossfade status in 120 ms and scroll the log without animation.","Close, retry, or receive failure during a prior phase; only legal state transitions render and no old completion appears.","Primary action is acknowledged immediately; working, done, and failed are explicit; error text persists; sheet geometry and focus order stay stable. Persona-specific gate: no spatial travel, bounce, scaling, or auto-scroll; keep semantic fades.","PASS"
"S187","U187","VoiceOver reviewer; setup completer; navigates by accessible names and focus order","keyboard+VoiceOver","standard","Setup idle through working and completion/error — navigates by accessible names and focus order","setup.idle -> start -> setup.working -> setup.done|setup.failed","announced state and stable focus, not motion-only meaning; setup completer","Footer phases replace one another abruptly and log appends use a bare animated scroll that ignores Reduce Motion.","RISK","RISK","Keep the sheet frame stable; crossfade phase-specific footer/status in 180 ms ease-out; use the shared token for log following and a restrained non-bouncy completion acknowledgement.","Crossfade status in 120 ms and scroll the log without animation.","Close, retry, or receive failure during a prior phase; only legal state transitions render and no old completion appears.","Primary action is acknowledged immediately; working, done, and failed are explicit; error text persists; sheet geometry and focus order stay stable. Persona-specific gate: announced state and stable focus, not motion-only meaning.","PASS"
"S188","U188","High-contrast user; setup completer; Increase Contrast and Differentiate Without Color","mouse","standard","Setup idle through working and completion/error — Increase Contrast and Differentiate Without Color","setup.idle -> start -> setup.working -> setup.done|setup.failed","shape, text, or focus state in addition to color; setup completer","Footer phases replace one another abruptly and log appends use a bare animated scroll that ignores Reduce Motion.","PASS","PASS","Keep the sheet frame stable; crossfade phase-specific footer/status in 180 ms ease-out; use the shared token for log following and a restrained non-bouncy completion acknowledgement.","Crossfade status in 120 ms and scroll the log without animation.","Close, retry, or receive failure during a prior phase; only legal state transitions render and no old completion appears.","Primary action is acknowledged immediately; working, done, and failed are explicit; error text persists; sheet geometry and focus order stay stable. Persona-specific gate: shape, text, or focus state in addition to color.","PASS"
"S189","U189","Low-vision reviewer; setup completer; large text and display zoom","mouse","standard","Setup idle through working and completion/error — large text and display zoom","setup.idle -> start -> setup.working -> setup.done|setup.failed","stable geometry and no clipped transition endpoints; setup completer","Footer phases replace one another abruptly and log appends use a bare animated scroll that ignores Reduce Motion.","RISK","RISK","Keep the sheet frame stable; crossfade phase-specific footer/status in 180 ms ease-out; use the shared token for log following and a restrained non-bouncy completion acknowledgement.","Crossfade status in 120 ms and scroll the log without animation.","Close, retry, or receive failure during a prior phase; only legal state transitions render and no old completion appears.","Primary action is acknowledged immediately; working, done, and failed are explicit; error text persists; sheet geometry and focus order stay stable. Persona-specific gate: stable geometry and no clipped transition endpoints.","PASS"
"S190","U190","Limited-dexterity user; setup completer; slow pointer and occasional repeated activation","mouse","standard","Setup idle through working and completion/error — slow pointer and occasional repeated activation","setup.idle -> start -> setup.working -> setup.done|setup.failed","comfortable hit targets and forgiving repeat input; setup completer","Footer phases replace one another abruptly and log appends use a bare animated scroll that ignores Reduce Motion.","PASS","PASS","Keep the sheet frame stable; crossfade phase-specific footer/status in 180 ms ease-out; use the shared token for log following and a restrained non-bouncy completion acknowledgement.","Crossfade status in 120 ms and scroll the log without animation.","Close, retry, or receive failure during a prior phase; only legal state transitions render and no old completion appears.","Primary action is acknowledged immediately; working, done, and failed are explicit; error text persists; sheet geometry and focus order stay stable. Persona-specific gate: comfortable hit targets and forgiving repeat input.","PASS"
"S191","U191","Rapid-switching expert; setup completer; issues a second action before the first animation settles","keyboard+mouse","standard","Setup idle through working and completion/error — issues a second action before the first animation settles","setup.idle -> start -> setup.working -> setup.done|setup.failed","retargeting with no queued or stale destination; setup completer","Footer phases replace one another abruptly and log appends use a bare animated scroll that ignores Reduce Motion.","RISK","RISK","Keep the sheet frame stable; crossfade phase-specific footer/status in 180 ms ease-out; use the shared token for log following and a restrained non-bouncy completion acknowledgement.","Crossfade status in 120 ms and scroll the log without animation.","Close, retry, or receive failure during a prior phase; only legal state transitions render and no old completion appears.","Primary action is acknowledged immediately; working, done, and failed are explicit; error text persists; sheet geometry and focus order stay stable. Persona-specific gate: retargeting with no queued or stale destination.","PASS"
"S192","U192","Constrained-Mac user; setup completer; fetch and rendering take about 800 ms","trackpad","standard","Setup idle through working and completion/error — fetch and rendering take about 800 ms","setup.idle -> start -> setup.working -> setup.done|setup.failed","stable placeholders and no flicker or frozen-looking blank area; setup completer","Footer phases replace one another abruptly and log appends use a bare animated scroll that ignores Reduce Motion.","RISK","RISK","Keep the sheet frame stable; crossfade phase-specific footer/status in 180 ms ease-out; use the shared token for log following and a restrained non-bouncy completion acknowledgement.","Crossfade status in 120 ms and scroll the log without animation.","Close, retry, or receive failure during a prior phase; only legal state transitions render and no old completion appears.","Primary action is acknowledged immediately; working, done, and failed are explicit; error text persists; sheet geometry and focus order stay stable. Persona-specific gate: stable placeholders and no flicker or frozen-looking blank area.","PASS"
"S193","U193","Offline investigator; setup completer; refresh and receipt fetch can fail","mouse","standard","Setup idle through working and completion/error — refresh and receipt fetch can fail","setup.idle -> start -> setup.working -> setup.done|setup.failed","nearby actionable error feedback that preserves context; setup completer","Footer phases replace one another abruptly and log appends use a bare animated scroll that ignores Reduce Motion.","RISK","RISK","Keep the sheet frame stable; crossfade phase-specific footer/status in 180 ms ease-out; use the shared token for log following and a restrained non-bouncy completion acknowledgement.","Crossfade status in 120 ms and scroll the log without animation.","Close, retry, or receive failure during a prior phase; only legal state transitions render and no old completion appears.","Primary action is acknowledged immediately; working, done, and failed are explicit; error text persists; sheet geometry and focus order stay stable. Persona-specific gate: nearby actionable error feedback that preserves context.","PASS"
"S194","U194","Dense-store analyst; setup completer; 200 loaded receipts and long evidence payloads","mouse","standard","Setup idle through working and completion/error — 200 loaded receipts and long evidence payloads","setup.idle -> start -> setup.working -> setup.done|setup.failed","bounded work and no large animated reflow; setup completer","Footer phases replace one another abruptly and log appends use a bare animated scroll that ignores Reduce Motion.","PASS","PASS","Keep the sheet frame stable; crossfade phase-specific footer/status in 180 ms ease-out; use the shared token for log following and a restrained non-bouncy completion acknowledgement.","Crossfade status in 120 ms and scroll the log without animation.","Close, retry, or receive failure during a prior phase; only legal state transitions render and no old completion appears.","Primary action is acknowledged immediately; working, done, and failed are explicit; error text persists; sheet geometry and focus order stay stable. Persona-specific gate: bounded work and no large animated reflow.","PASS"
"S195","U195","Empty-store newcomer; setup completer; no receipts or usage history yet","mouse","standard","Setup idle through working and completion/error — no receipts or usage history yet","setup.idle -> start -> setup.working -> setup.done|setup.failed","empty-state continuity without fake skeleton loops; setup completer","Footer phases replace one another abruptly and log appends use a bare animated scroll that ignores Reduce Motion.","PASS","PASS","Keep the sheet frame stable; crossfade phase-specific footer/status in 180 ms ease-out; use the shared token for log following and a restrained non-bouncy completion acknowledgement.","Crossfade status in 120 ms and scroll the log without animation.","Close, retry, or receive failure during a prior phase; only legal state transitions render and no old completion appears.","Primary action is acknowledged immediately; working, done, and failed are explicit; error text persists; sheet geometry and focus order stay stable. Persona-specific gate: empty-state continuity without fake skeleton loops.","PASS"
"S196","U196","Dark-mode night user; setup completer; dark appearance and low ambient light","trackpad","standard","Setup idle through working and completion/error — dark appearance and low ambient light","setup.idle -> start -> setup.working -> setup.done|setup.failed","no brightness flash or double-exposed crossfade; setup completer","Footer phases replace one another abruptly and log appends use a bare animated scroll that ignores Reduce Motion.","PASS","PASS","Keep the sheet frame stable; crossfade phase-specific footer/status in 180 ms ease-out; use the shared token for log following and a restrained non-bouncy completion acknowledgement.","Crossfade status in 120 ms and scroll the log without animation.","Close, retry, or receive failure during a prior phase; only legal state transitions render and no old completion appears.","Primary action is acknowledged immediately; working, done, and failed are explicit; error text persists; sheet geometry and focus order stay stable. Persona-specific gate: no brightness flash or double-exposed crossfade.","PASS"
"S197","U197","Minimum-window user; setup completer; 960 by 560 window","mouse","standard","Setup idle through working and completion/error — 960 by 560 window","setup.idle -> start -> setup.working -> setup.done|setup.failed","transitions that do not clip or shift the page header; setup completer","Footer phases replace one another abruptly and log appends use a bare animated scroll that ignores Reduce Motion.","PASS","PASS","Keep the sheet frame stable; crossfade phase-specific footer/status in 180 ms ease-out; use the shared token for log following and a restrained non-bouncy completion acknowledgement.","Crossfade status in 120 ms and scroll the log without animation.","Close, retry, or receive failure during a prior phase; only legal state transitions render and no old completion appears.","Primary action is acknowledged immediately; working, done, and failed are explicit; error text persists; sheet geometry and focus order stay stable. Persona-specific gate: transitions that do not clip or shift the page header.","PASS"
"S198","U198","Ultrawide-window user; setup completer; wide 5K display","mouse","standard","Setup idle through working and completion/error — wide 5K display","setup.idle -> start -> setup.working -> setup.done|setup.failed","motion localized to the affected region rather than the whole canvas; setup completer","Footer phases replace one another abruptly and log appends use a bare animated scroll that ignores Reduce Motion.","PASS","PASS","Keep the sheet frame stable; crossfade phase-specific footer/status in 180 ms ease-out; use the shared token for log following and a restrained non-bouncy completion acknowledgement.","Crossfade status in 120 ms and scroll the log without animation.","Close, retry, or receive failure during a prior phase; only legal state transitions render and no old completion appears.","Primary action is acknowledged immediately; working, done, and failed are explicit; error text persists; sheet geometry and focus order stay stable. Persona-specific gate: motion localized to the affected region rather than the whole canvas.","PASS"
"S199","U199","Careful non-native-English reader; setup completer; reads labels and status slowly","mouse","standard","Setup idle through working and completion/error — reads labels and status slowly","setup.idle -> start -> setup.working -> setup.done|setup.failed","specific persistent wording and no timed dismissal; setup completer","Footer phases replace one another abruptly and log appends use a bare animated scroll that ignores Reduce Motion.","RISK","RISK","Keep the sheet frame stable; crossfade phase-specific footer/status in 180 ms ease-out; use the shared token for log following and a restrained non-bouncy completion acknowledgement.","Crossfade status in 120 ms and scroll the log without animation.","Close, retry, or receive failure during a prior phase; only legal state transitions render and no old completion appears.","Primary action is acknowledged immediately; working, done, and failed are explicit; error text persists; sheet geometry and focus order stay stable. Persona-specific gate: specific persistent wording and no timed dismissal.","PASS"
"S200","U200","Anxious failed-check reviewer; setup completer; investigates blocked work and failed evidence","mouse","standard","Setup idle through working and completion/error — investigates blocked work and failed evidence","setup.idle -> start -> setup.working -> setup.done|setup.failed","calm, predictable transitions with errors never softened or hidden; setup completer","Footer phases replace one another abruptly and log appends use a bare animated scroll that ignores Reduce Motion.","RISK","RISK","Keep the sheet frame stable; crossfade phase-specific footer/status in 180 ms ease-out; use the shared token for log following and a restrained non-bouncy completion acknowledgement.","Crossfade status in 120 ms and scroll the log without animation.","Close, retry, or receive failure during a prior phase; only legal state transitions render and no old completion appears.","Primary action is acknowledged immediately; working, done, and failed are explicit; error text persists; sheet geometry and focus order stay stable. Persona-specific gate: calm, predictable transitions with errors never softened or hidden.","PASS"
